Workbook

Sheet Summary
B1: Days in Month | C1: January | D1: February | E1: March | F1: April | G1: May | H1: June | I1: July | J1: Aug | K1: Sept | L1: Oct | M1: Nov | N1: Dec | O1: January | P1: February | Q1: March | R1: April | S1: May | T1: June | U1: July | V1: August | W1: Sept | X1: Oct | Y1: Nov | Z1: Dec
B2: Total | C2: =SUM(C3:C5) -> 31 | D2: =SUM(D3:D5) -> 28 | E2: =SUM(E3:E5) -> 31 | F2: =SUM(F3:F5) -> 30 | G2: =SUM(G3:G5) -> 31 | H2: =SUM(H3:H5) -> 30 | I2: =SUM(I3:I5) -> 31 | J2: =SUM(J3:J5) -> 31 | ... Z2: =SUM(Z3:Z5) -> 31
B3: M-F | C3: 23 | D3: 20 | E3: 21 | F3: 22 | G3: 22 | H3: 21 | I3: 23 | J3: 21 | K3: 22 | L3: 23 | M3: 20 | N3: 23 | O3: 22 | P3: 20 | Q3: 22 | R3: 22 | S3: 21 | T3: 22 | U3: 23 | V3: 21 | W3: 22 | X3: 22 | Y3: 21 | Z3: 23
B4: Sat | C4: 4 | D4: 4 | E4: 5 | F4: 4 | G4: 5 | H4: 4 | I4: 4 | J4: 5 | K4: 4 | L4: 4 | M4: 5 | N4: 4 | O4: 5 | P4: 4 | Q4: 4 | R4: 4 | S4: 5 | T4: 4 | U4: 4 | V4: 5 | W4: 4 | X4: 5 | Y4: 4 | Z4: 4
B5: Sun | C5: 4 | D5: 4 | E5: 5 | F5: 4 | G5: 4 | H5: 5 | I5: 4 | J5: 5 | K5: 4 | L5: 4 | M5: 5 | N5: 4 | O5: 4 | P5: 4 | Q5: 5 | R5: 4 | S5: 5 | T5: 4 | U5: 4 | V5: 5 | W5: 4 | X5: 4 | Y5: 5 | Z5: 4
B7: Business Days | C7: January | D7: February | E7: March | F7: April | G7: May | H7: June | I7: July | J7: Aug | K7: Sept | L7: Oct | M7: Nov | N7: Dec | O7: =+O1 -> January | P7: =+P1 -> February | Q7: =+Q1 -> March | R7: =+R1 -> April | S7: =+S1 -> May | T7: =+T1 -> June | U7: July | V7: August | W7: Sept | X7: Oct | Y7: Nov | Z7: Dec
B8: M-F | C8: 21 | D8: 20 | E8: 21 | F8: 21 | G8: 21 | H8: 21 | I8: 22 | J8: 21 | K8: 21 | L8: 23 | M8: 15 | N8: 19 | O8: =+O3-1 -> 21 | P8: =+P3 -> 20 | Q8: =+Q3 -> 22 | R8: =+R3 -> 22 | S8: =+S3-1 -> 20 | T8: =+T3 -> 22 | U8: =+U3-1 -> 22 | V8: =+V3 -> 21 | W8: =+W3-1 -> 21 | X8: =+X3 -> 22 | Y8: =+Y3-2 -> 19 | Z8: =+Z3-2 -> 21
B9: Sat | C9: 4 | D9: 4 | E9: 5 | F9: 4 | G9: 5 | H9: 4 | I9: 3 | J9: 4 | K9: 4 | L9: 4 | M9: 4 | N9: 3 | O9: =+O4 -> 5 | P9: =+P4 -> 4 | Q9: =+Q4 -> 4 | R9: =+R4 -> 4 | S9: =+S4 -> 5 | T9: =+T4 -> 4 | U9: =+U4 -> 4 | V9: =+V4 -> 5 | ... Z9: =+Z4 -> 4
B10: Sun | C10: 1 | D10: 1 | F10: 2 | G10: 2 | H10: 4
B11: Total | C11: =SUM(C8:C10) -> 26 | D11: =SUM(D8:D10) -> 25 | E11: =SUM(E8:E10) -> 26 | F11: =SUM(F8:F10) -> 27 | G11: =SUM(G8:G10) -> 28 | H11: =SUM(H8:H10) -> 29 | I11: =SUM(I8:I10) -> 25 | J11: =SUM(J8:J10) -> 25 | ... Z11: =SUM(Z8:Z10) -> 25
K12: 17
C13: =+'Fds Units'!B1 -> 45688 | D13: =+'Fds Units'!C1 -> 45716 | E13: =+'Fds Units'!D1 -> 45747 | F13: =+'Fds Units'!E1 -> 45777 | G13: =+'Fds Units'!F1 -> 45808 | H13: =EOMONTH(G13,1) -> 45838 | I13: =EOMONTH(H13,1) -> 45869 | J13: =EOMONTH(I13,1) -> 45900 | K13: =EOMONTH(J13,1) -> 45930 | L13: =EOMONTH(K13,1) -> 45961 | M13: =EOMONTH(L13,1) -> 45991 | N13: =EOMONTH(M13,1) -> 46022 | O13: =+'Fds Units'!U1 -> 46053 | P13: =+'Fds Units'!Y1 -> 46081 | Q13: =+'Fds Units'!AC1 -> 46112 | R13: =+'Fds Units'!AF1 -> 46142 | S13: =+'Fds Units'!AG1 -> 46173 | T13: =+'Fds Units'!AH1 -> 46203 | U13: =+'Fds Units'!AI1 -> 46234 | V13: =+'Fds Units'!AJ1 -> 46265 | W13: =+'Fds Units'!AK1 -> 46295 | X13: =+'Fds Units'!AL1 -> 46326 | Y13: =+'Fds Units'!AM1 -> 46356 | Z13: =+'Fds Units'!AN1 -> 46387
A14: Filler | C14: =+'Fds Units'!B2 -> Actuals | D14: =+'Fds Units'!C2 -> Actuals | E14: =+'Fds Units'!D2 -> Actuals | F14: =+'Fds Units'!E2 -> Actuals | G14: =+'Fds Units'!F2 -> Actuals | H14: =+'Fds Units'!G2 -> Actuals | I14: =+'Fds Units'!H2 -> Actuals | J14: =+'Fds Units'!I2 -> Actuals | K14: Actual | L14: =+'Fds Units'!N2 -> Schedule | M14: =+'Fds Units'!R2 -> Schedule | N14: Schedule | O14: Schedule | P14: Schedule | Q14: Forecast | R14: =+Q14 -> Forecast | S14: =+R14 -> Forecast | T14: =+S14 -> Forecast | U14: =+T14 -> Forecast | V14: =+U14 -> Forecast | W14: =+V14 -> Forecast | X14: =+W14 -> Forecast | Y14: =+X14 -> Forecast | Z14: =+Y14 -> Forecast
A15: Y4S/Y5 | B15: Volume | C15: =SUMIF('Fds Units'!$AP:$AP,Summary!$A15,'Fds Units'!B:B) -> 2060498 | D15: =SUMIF('Fds Units'!$AS:$AS,Summary!$A15,'Fds Units'!C:C) -> 1771466 | E15: =SUMIF('Fds Units'!$AV:$AV,Summary!$A15,'Fds Units'!D:D) -> 2067024 | F15: =SUMIF('Fds Units'!$AY:$AY,Summary!$A15,'Fds Units'!E:E) -> 691416 | G15: =SUMIF('Fds Units'!$BB:$BB,Summary!$A15,'Fds Units'!F:F) -> 2363343 | H15: =SUMIF('Fds Units'!$BE:$BE,Summary!$A15,'Fds Units'!G:G) -> 2520072 | I15: =SUMIF('Fds Units'!$BH:$BH,Summary!$A15,'Fds Units'!H:H) -> 1926173 | J15: =SUMIF('Fds Units'!$BK:$BK,Summary!$A15,'Fds Units'!I:I) -> 294432 | K15: =SUMIF('Fds Units'!$BN:$BN,Summary!$A15,'Fds Units'!J:J) -> 813718 | L15: =SUMIF('Fds Units'!$BQ:$BQ,Summary!$A15,'Fds Units'!K:K) -> 1301364 | M15: =SUMIF('Fds Units'!$BT:$BT,Summary!$A15,'Fds Units'!L:L)+SUMIF('Fds Units'!$BT:$BT,Summary!$A15,'Fds Units'!N:N) -> 2880696 | N15: =SUMIF('Fds Units'!$BW:$BW,Summary!$A15,'Fds Units'!R:R) -> 1121412 | O15: =SUMIF('Fds Units'!$BZ:$BZ,Summary!$A15,'Fds Units'!V:V) -> 49200 | P15: =SUMIF('Fds Units'!$CC:$CC,Summary!$A15,'Fds Units'!Z:Z) -> 1470024 | Q15: =SUMIF('Fds Units'!$CF:$CF,Summary!$A15,'Fds Units'!AC:AC) -> 705600 | R15: =SUMIF('Fds Units'!$CI:$CI,Summary!$A15,'Fds Units'!AF:AF) -> 324000 | S15: =SUMIF('Fds Units'!$CL:$CL,Summary!$A15,'Fds Units'!AG:AG) -> 1466028 | T15: =SUMIF('Fds Units'!$CO:$CO,Summary!$A15,'Fds Units'!AH:AH) -> 108000 | U15: =SUMIF('Fds Units'!$CR:$CR,Summary!$A15,'Fds Units'!AI:AI) -> 167536 | V15: =SUMIF('Fds Units'!$CU:$CU,Summary!$A15,'Fds Units'!AJ:AJ) -> 1053000 | W15: =SUMIF('Fds Units'!$CX:$CX,Summary!$A15,'Fds Units'!AK:AK) -> 300024 | X15: =SUMIF('Fds Units'!$DA:$DA,Summary!$A15,'Fds Units'!AL:AL) -> 936000 | Y15: =SUMIF('Fds Units'!$DD:$DD,Summary!$A15,'Fds Units'!AM:AM) -> 108000 | Z15: =SUMIF('Fds Units'!$DG:$DG,Summary!$A15,'Fds Units'!AN:AN) -> 261000
B16: Days | C16: =SUMIF('Fds Units'!$AP:$AP,Summary!$A15,'Fds Units'!DK:DK) -> 24 | D16: =SUMIF('Fds Units'!$AS:$AS,Summary!$A15,'Fds Units'!DL:DL) -> 24 | E16: =SUMIF('Fds Units'!$AV:$AV,Summary!$A15,'Fds Units'!DM:DM) -> 25 | F16: =SUMIF('Fds Units'!$AY:$AY,Summary!$A15,'Fds Units'!DN:DN) -> 22 | G16: =SUMIF('Fds Units'!$BB:$BB,Summary!$A15,'Fds Units'!DO:DO) -> 27 | H16: =SUMIF('Fds Units'!$BE:$BE,Summary!$A15,'Fds Units'!DP:DP) -> 27 | I16: =SUMIF('Fds Units'!$BH:$BH,Summary!$A15,'Fds Units'!DQ:DQ) -> 22 | J16: =SUMIF('Fds Units'!$BK:$BK,Summary!$A15,'Fds Units'!DR:DR) -> 4 | K16: =SUMIF('Fds Units'!$BN:$BN,Summary!$A15,'Fds Units'!DS:DS) -> 14 | L16: =SUMIF('Fds Units'!$BQ:$BQ,Summary!$A15,'Fds Units'!DT:DT) -> 25 | M16: =SUMIF('Fds Units'!$BT:$BT,Summary!$A15,'Fds Units'!DU:DU) -> 17 | N16: =SUMIF('Fds Units'!$BW:$BW,Summary!$A15,'Fds Units'!DV:DV) -> 12 | O16: =SUMIF('Fds Units'!$BZ:$BZ,Summary!$A15,'Fds Units'!DW:DW) -> 1 | P16: =SUMIF('Fds Units'!$CC:$CC,Summary!$A15,'Fds Units'!DX:DX) -> 17 | Q16: =SUMIF('Fds Units'!$CF:$CF,Summary!$A15,'Fds Units'!DY:DY) -> 9 | R16: =SUMIF('Fds Units'!$CI:$CI,Summary!$A15,'Fds Units'!DZ:DZ) -> 4 | S16: =SUMIF('Fds Units'!$CL:$CL,Summary!$A15,'Fds Units'!EA:EA) -> 18 | T16: =SUMIF('Fds Units'!$CO:$CO,Summary!$A15,'Fds Units'!EB:EB) -> 2 | U16: =SUMIF('Fds Units'!$CR:$CR,Summary!$A15,'Fds Units'!EC:EC) -> 2 | V16: =SUMIF('Fds Units'!$CU:$CU,Summary!$A15,'Fds Units'!ED:ED) -> 13 | W16: =SUMIF('Fds Units'!$CX:$CX,Summary!$A15,'Fds Units'!EE:EE) -> 4 | X16: =SUMIF('Fds Units'!$DA:$DA,Summary!$A15,'Fds Units'!EF:EF) -> 11 | Y16: =SUMIF('Fds Units'!$DD:$DD,Summary!$A15,'Fds Units'!EG:EG) -> 2 | Z16: =SUMIF('Fds Units'!$DG:$DG,Summary!$A15,'Fds Units'!EH:EH) -> 4
B17: Days Under/(Over) | C17: =+C$11-C16 -> 2 | D17: =+D$11-D16 -> 1 | E17: =+E$11-E16 -> 1 | F17: =+F$11-F16 -> 5 | G17: =+G$11-G16 -> 1 | H17: =+H$11-H16 -> 2 | I17: =+I$11-I16 -> 3 | J17: =+J$11-J16 -> 21 | ... N17: =+N$11-N16 -> 10 | O17: =+O$8-O16 -> 20 | P17: =+P$8-P16 -> 3 | Q17: =+Q$8-Q16 -> 13 | R17: =+R$8-R16 -> 18 | S17: =+S$8-S16 -> 2 | T17: =+T$8-T16 -> 20 | U17: =+U$8-U16 -> 20 | V17: =+V$8-V16 -> 8 | ... Z17: =+Z$8-Z16 -> 17
B18: Retort Cycles Req'd | C18: =SUMIF('Fds Units'!$AP:$AP,Summary!$A15,'Fds Units'!EJ:EJ) -> 152 | D18: =SUMIF('Fds Units'!$AS:$AS,Summary!$A15,'Fds Units'!EK:EK) -> 160 | E18: =SUMIF('Fds Units'!$AV:$AV,Summary!$A15,'Fds Units'!EL:EL) -> 136 | F18: =SUMIF('Fds Units'!$AY:$AY,Summary!$A15,'Fds Units'!EM:EM) -> 222 | G18: =SUMIF('Fds Units'!$BB:$BB,Summary!$A15,'Fds Units'!EN:EN) -> 136 | H18: =SUMIF('Fds Units'!$BE:$BE,Summary!$A15,'Fds Units'!EO:EO) -> 128 | I18: =SUMIF('Fds Units'!$BH:$BH,Summary!$A15,'Fds Units'!EP:EP) -> 138 | J18: =SUMIF('Fds Units'!$BK:$BK,Summary!$A15,'Fds Units'!EQ:EQ) -> 32 | K18: =SUMIF('Fds Units'!$BN:$BN,Summary!$A15,'Fds Units'!ER:ER) -> 119 | L18: =SUMIF('Fds Units'!$BQ:$BQ,Summary!$A15,'Fds Units'!ES:ES) -> 264 | M18: =SUMIF('Fds Units'!$BT:$BT,Summary!$A15,'Fds Units'!ET:ET) -> 177 | N18: =SUMIF('Fds Units'!$BW:$BW,Summary!$A15,'Fds Units'!EU:EU) -> 108 | O18: =SUMIF('Fds Units'!$BZ:$BZ,Summary!$A15,'Fds Units'!EV:EV) -> 10 | P18: =SUMIF('Fds Units'!$CC:$CC,Summary!$A15,'Fds Units'!EW:EW) -> 136 | Q18: =SUMIF('Fds Units'!$CF:$CF,Summary!$A15,'Fds Units'!EX:EX) -> 72 | R18: =SUMIF('Fds Units'!$CI:$CI,Summary!$A15,'Fds Units'!EY:EY) -> 32 | S18: =SUMIF('Fds Units'!$CL:$CL,Summary!$A15,'Fds Units'!EZ:EZ) -> 144 | T18: =SUMIF('Fds Units'!$CO:$CO,Summary!$A15,'Fds Units'!FA:FA) -> 16 | U18: =SUMIF('Fds Units'!$CR:$CR,Summary!$A15,'Fds Units'!FB:FB) -> 16 | V18: =SUMIF('Fds Units'!$CU:$CU,Summary!$A15,'Fds Units'!FC:FC) -> 104 | W18: =SUMIF('Fds Units'!$CX:$CX,Summary!$A15,'Fds Units'!FD:FD) -> 32 | X18: =SUMIF('Fds Units'!$DA:$DA,Summary!$A15,'Fds Units'!FE:FE) -> 88 | Y18: =SUMIF('Fds Units'!$DD:$DD,Summary!$A15,'Fds Units'!FF:FF) -> 16 | Z18: =SUMIF('Fds Units'!$DG:$DG,Summary!$A15,'Fds Units'!FG:FG) -> 32
C19: =+C15/C$74 -> 0.15361125 | D19: =+D15/D$74 -> 0.14775247 | E19: =+E15/E$74 -> 0.16055368 | F19: =+F15/F$74 -> 0.051500734 | G19: =+G15/G$74 -> 0.16896513 | H19: =+H15/H$74 -> 0.17956599 | I19: =+I15/I$74 -> 0.17086973 | J19: =+J15/J$74 -> 0.039134915 | ... Z19: =+Z15/Z$74 -> 0.032896224
A20: S6/S7 | B20: Volume | C20: =SUMIF('Fds Units'!$AP:$AP,Summary!$A20,'Fds Units'!B:B) -> 1374874 | D20: =SUMIF('Fds Units'!$AS:$AS,Summary!$A20,'Fds Units'!C:C) -> 558896 | E20: =SUMIF('Fds Units'!$AV:$AV,Summary!$A20,'Fds Units'!D:D) -> 2013402 | F20: =SUMIF('Fds Units'!$AY:$AY,Summary!$A20,'Fds Units'!E:E) -> 2389910 | G20: =SUMIF('Fds Units'!$BB:$BB,Summary!$A20,'Fds Units'!F:F) -> 2051490 | H20: =SUMIF('Fds Units'!$BE:$BE,Summary!$A20,'Fds Units'!G:G) -> 2042244 | I20: =SUMIF('Fds Units'!$BH:$BH,Summary!$A20,'Fds Units'!H:H) -> 2090352 | J20: =SUMIF('Fds Units'!$BK:$BK,Summary!$A20,'Fds Units'!I:I) -> 2187332 | K20: =SUMIF('Fds Units'!$BN:$BN,Summary!$A20,'Fds Units'!J:J) -> 1739870 | L20: =SUMIF('Fds Units'!$BQ:$BQ,Summary!$A20,'Fds Units'!K:K) -> 1863422 | M20: =SUMIF('Fds Units'!$BT:$BT,Summary!$A20,'Fds Units'!L:L)+SUMIF('Fds Units'!$BT:$BT,Summary!$A20,'Fds Units'!N:N) -> 4251644 | N20: =SUMIF('Fds Units'!$BW:$BW,Summary!$A20,'Fds Units'!R:R) -> 1773212 | O20: =SUMIF('Fds Units'!$BZ:$BZ,Summary!$A20,'Fds Units'!V:V) -> 1787000 | P20: =SUMIF('Fds Units'!$CC:$CC,Summary!$A20,'Fds Units'!Z:Z) -> 2206988 | Q20: =SUMIF('Fds Units'!$CF:$CF,Summary!$A20,'Fds Units'!AC:AC) -> 2802024 | R20: =SUMIF('Fds Units'!$CI:$CI,Summary!$A20,'Fds Units'!AF:AF) -> 2997012 | S20: =SUMIF('Fds Units'!$CL:$CL,Summary!$A20,'Fds Units'!AG:AG) -> 2576052 | T20: =SUMIF('Fds Units'!$CO:$CO,Summary!$A20,'Fds Units'!AH:AH) -> 2186004 | U20: =SUMIF('Fds Units'!$CR:$CR,Summary!$A20,'Fds Units'!AI:AI) -> 3105012 | V20: =SUMIF('Fds Units'!$CU:$CU,Summary!$A20,'Fds Units'!AJ:AJ) -> 2266008 | W20: =SUMIF('Fds Units'!$CX:$CX,Summary!$A20,'Fds Units'!AK:AK) -> 1797048 | X20: =SUMIF('Fds Units'!$DA:$DA,Summary!$A20,'Fds Units'!AL:AL) -> 2015004 | Y20: =SUMIF('Fds Units'!$DD:$DD,Summary!$A20,'Fds Units'!AM:AM) -> 2028048 | Z20: =SUMIF('Fds Units'!$DG:$DG,Summary!$A20,'Fds Units'!AN:AN) -> 942048
B21: Days | C21: =SUMIF('Fds Units'!$AP:$AP,Summary!$A20,'Fds Units'!DK:DK) -> 14 | D21: =SUMIF('Fds Units'!$AS:$AS,Summary!$A20,'Fds Units'!DL:DL) -> 10 | E21: =SUMIF('Fds Units'!$AV:$AV,Summary!$A20,'Fds Units'!DM:DM) -> 24 | F21: =SUMIF('Fds Units'!$AY:$AY,Summary!$A20,'Fds Units'!DN:DN) -> 26 | G21: =SUMIF('Fds Units'!$BB:$BB,Summary!$A20,'Fds Units'!DO:DO) -> 19 | H21: =SUMIF('Fds Units'!$BE:$BE,Summary!$A20,'Fds Units'!DP:DP) -> 25 | I21: =SUMIF('Fds Units'!$BH:$BH,Summary!$A20,'Fds Units'!DQ:DQ) -> 24 | J21: =SUMIF('Fds Units'!$BK:$BK,Summary!$A20,'Fds Units'!DR:DR) -> 22 | K21: =SUMIF('Fds Units'!$BN:$BN,Summary!$A20,'Fds Units'!DS:DS) -> 21 | L21: =SUMIF('Fds Units'!$BQ:$BQ,Summary!$A20,'Fds Units'!DT:DT) -> 25 | M21: =SUMIF('Fds Units'!$BT:$BT,Summary!$A20,'Fds Units'!DU:DU) -> 19 | N21: =SUMIF('Fds Units'!$BW:$BW,Summary!$A20,'Fds Units'!DV:DV) -> 16 | O21: =SUMIF('Fds Units'!$BZ:$BZ,Summary!$A20,'Fds Units'!DW:DW) -> 14 | P21: =SUMIF('Fds Units'!$CC:$CC,Summary!$A20,'Fds Units'!DX:DX) -> 16 | Q21: =SUMIF('Fds Units'!$CF:$CF,Summary!$A20,'Fds Units'!DY:DY) -> 20 | R21: =SUMIF('Fds Units'!$CI:$CI,Summary!$A20,'Fds Units'!DZ:DZ) -> 22 | S21: =SUMIF('Fds Units'!$CL:$CL,Summary!$A20,'Fds Units'!EA:EA) -> 19 | T21: =SUMIF('Fds Units'!$CO:$CO,Summary!$A20,'Fds Units'!EB:EB) -> 16 | U21: =SUMIF('Fds Units'!$CR:$CR,Summary!$A20,'Fds Units'!EC:EC) -> 22 | V21: =SUMIF('Fds Units'!$CU:$CU,Summary!$A20,'Fds Units'!ED:ED) -> 17 | W21: =SUMIF('Fds Units'!$CX:$CX,Summary!$A20,'Fds Units'!EE:EE) -> 13 | X21: =SUMIF('Fds Units'!$DA:$DA,Summary!$A20,'Fds Units'!EF:EF) -> 15 | Y21: =SUMIF('Fds Units'!$DD:$DD,Summary!$A20,'Fds Units'!EG:EG) -> 14 | Z21: =SUMIF('Fds Units'!$DG:$DG,Summary!$A20,'Fds Units'!EH:EH) -> 7
B22: Days Under/(Over) | C22: =+C$11-C21 -> 12 | D22: =+D$11-D21 -> 15 | E22: =+E$11-E21 -> 2 | F22: =+F$11-F21 -> 1 | G22: =+G$11-G21 -> 9 | H22: =+H$11-H21 -> 4 | I22: =+I$11-I21 -> 1 | J22: =+J$11-J21 -> 3 | ... N22: =+N$11-N21 -> 6 | O22: =+O$8-O21 -> 7 | P22: =+P$8-P21 -> 4 | Q22: =+Q$8-Q21 -> 2 | R22: =+R$8-R21 -> 0 | S22: =+S$8-S21 -> 1 | T22: =+T$8-T21 -> 6 | U22: =+U$8-U21 -> 0 | V22: =+V$8-V21 -> 4 | ... Z22: =+Z$8-Z21 -> 14
B23: Retort Cycles Req'd | C23: =SUMIF('Fds Units'!$AP:$AP,Summary!$A20,'Fds Units'!EJ:EJ) -> 44 | D23: =SUMIF('Fds Units'!$AS:$AS,Summary!$A20,'Fds Units'!EK:EK) -> 40 | E23: =SUMIF('Fds Units'!$AV:$AV,Summary!$A20,'Fds Units'!EL:EL) -> 48 | F23: =SUMIF('Fds Units'!$AY:$AY,Summary!$A20,'Fds Units'!EM:EM) -> 104 | G23: =SUMIF('Fds Units'!$BB:$BB,Summary!$A20,'Fds Units'!EN:EN) -> 74 | H23: =SUMIF('Fds Units'!$BE:$BE,Summary!$A20,'Fds Units'!EO:EO) -> 66 | I23: =SUMIF('Fds Units'!$BH:$BH,Summary!$A20,'Fds Units'!EP:EP) -> 96 | J23: =SUMIF('Fds Units'!$BK:$BK,Summary!$A20,'Fds Units'!EQ:EQ) -> 88 | K23: =SUMIF('Fds Units'!$BN:$BN,Summary!$A20,'Fds Units'!ER:ER) -> 84 | L23: =SUMIF('Fds Units'!$BQ:$BQ,Summary!$A20,'Fds Units'!ES:ES) -> 100 | M23: =SUMIF('Fds Units'!$BT:$BT,Summary!$A20,'Fds Units'!ET:ET) -> 76 | N23: =SUMIF('Fds Units'!$BW:$BW,Summary!$A20,'Fds Units'!EU:EU) -> 64 | O23: =SUMIF('Fds Units'!$BZ:$BZ,Summary!$A20,'Fds Units'!EV:EV) -> 56 | P23: =SUMIF('Fds Units'!$CC:$CC,Summary!$A20,'Fds Units'!EW:EW) -> 64 | Q23: =SUMIF('Fds Units'!$CF:$CF,Summary!$A20,'Fds Units'!EX:EX) -> 80 | R23: =SUMIF('Fds Units'!$CI:$CI,Summary!$A20,'Fds Units'!EY:EY) -> 88 | S23: =SUMIF('Fds Units'!$CL:$CL,Summary!$A20,'Fds Units'!EZ:EZ) -> 76 | T23: =SUMIF('Fds Units'!$CO:$CO,Summary!$A20,'Fds Units'!FA:FA) -> 64 | U23: =SUMIF('Fds Units'!$CR:$CR,Summary!$A20,'Fds Units'!FB:FB) -> 88 | V23: =SUMIF('Fds Units'!$CU:$CU,Summary!$A20,'Fds Units'!FC:FC) -> 68 | W23: =SUMIF('Fds Units'!$CX:$CX,Summary!$A20,'Fds Units'!FD:FD) -> 52 | X23: =SUMIF('Fds Units'!$DA:$DA,Summary!$A20,'Fds Units'!FE:FE) -> 60 | Y23: =SUMIF('Fds Units'!$DD:$DD,Summary!$A20,'Fds Units'!FF:FF) -> 56 | Z23: =SUMIF('Fds Units'!$DG:$DG,Summary!$A20,'Fds Units'!FG:FG) -> 28
C24: =+C20/C$74 -> 0.10249761 | D24: =+D20/D$74 -> 0.046615778 | E24: =+E20/E$74 -> 0.15638866 | F24: =+F20/F$74 -> 0.17801457 | G24: =+G20/G$74 -> 0.14666947 | H24: =+H20/H$74 -> 0.14551868 | I24: =+I20/I$74 -> 0.18543396 | J24: =+J20/J$74 -> 0.29073284 | ... Z24: =+Z20/Z$74 -> 0.11873495
A25: W2 | B25: Volume | C25: =SUMIF('Fds Units'!$AP:$AP,Summary!$A25,'Fds Units'!B:B) -> 4598995 | D25: =SUMIF('Fds Units'!$AS:$AS,Summary!$A25,'Fds Units'!C:C) -> 4451256 | E25: =SUMIF('Fds Units'!$AV:$AV,Summary!$A25,'Fds Units'!D:D) -> 3854244 | F25: =SUMIF('Fds Units'!$AY:$AY,Summary!$A25,'Fds Units'!E:E)-F40 -> 5576652 | G25: =SUMIF('Fds Units'!$BB:$BB,Summary!$A25,'Fds Units'!F:F) -> 4010496 | H25: =SUMIF('Fds Units'!$BE:$BE,Summary!$A25,'Fds Units'!G:G) -> 4240032 | I25: =SUMIF('Fds Units'!$BH:$BH,Summary!$A25,'Fds Units'!H:H) -> 4180995 | J25: =SUMIF('Fds Units'!$BK:$BK,Summary!$A25,'Fds Units'!I:I) -> 3224871 | K25: =SUMIF('Fds Units'!$BN:$BN,Summary!$A25,'Fds Units'!J:J) -> 3687920 | L25: =SUMIF('Fds Units'!$BQ:$BQ,Summary!$A25,'Fds Units'!K:K) -> 4136574 | M25: =SUMIF('Fds Units'!$BT:$BT,Summary!$A25,'Fds Units'!L:L)+SUMIF('Fds Units'!$BT:$BT,Summary!$A25,'Fds Units'!N:N) -> 5381544 | N25: =SUMIF('Fds Units'!$BW:$BW,Summary!$A25,'Fds Units'!R:R) -> 2944080 | O25: =SUMIF('Fds Units'!$BZ:$BZ,Summary!$A25,'Fds Units'!V:V) -> 3906360 | P25: =SUMIF('Fds Units'!$CC:$CC,Summary!$A25,'Fds Units'!Z:Z) -> 4344468 | Q25: =SUMIF('Fds Units'!$CF:$CF,Summary!$A25,'Fds Units'!AC:AC) -> 4907948 | R25: =SUMIF('Fds Units'!$CI:$CI,Summary!$A25,'Fds Units'!AF:AF) -> 9064104 | S25: =SUMIF('Fds Units'!$CL:$CL,Summary!$A25,'Fds Units'!AG:AG) -> 5700000 | T25: =SUMIF('Fds Units'!$CO:$CO,Summary!$A25,'Fds Units'!AH:AH) -> 3249138.8 | U25: =SUMIF('Fds Units'!$CR:$CR,Summary!$A25,'Fds Units'!AI:AI) -> 3274134.8 | V25: =SUMIF('Fds Units'!$CU:$CU,Summary!$A25,'Fds Units'!AJ:AJ) -> 2961621 | W25: =SUMIF('Fds Units'!$CX:$CX,Summary!$A25,'Fds Units'!AK:AK) -> 2961622.5 | X25: =SUMIF('Fds Units'!$DA:$DA,Summary!$A25,'Fds Units'!AL:AL) -> 3836626.5 | Y25: =SUMIF('Fds Units'!$DD:$DD,Summary!$A25,'Fds Units'!AM:AM) -> 2736622.5 | Z25: =SUMIF('Fds Units'!$DG:$DG,Summary!$A25,'Fds Units'!AN:AN) -> 2761618.5
B26: Days | C26: =SUMIF('Fds Units'!$AP:$AP,Summary!$A25,'Fds Units'!DK:DK) -> 26 | D26: =SUMIF('Fds Units'!$AS:$AS,Summary!$A25,'Fds Units'!DL:DL) -> 23 | E26: =SUMIF('Fds Units'!$AV:$AV,Summary!$A25,'Fds Units'!DM:DM) -> 26 | F26: =SUMIF('Fds Units'!$AY:$AY,Summary!$A25,'Fds Units'!DN:DN) -> 25 | G26: =SUMIF('Fds Units'!$BB:$BB,Summary!$A25,'Fds Units'!DO:DO) -> 25 | H26: =SUMIF('Fds Units'!$BE:$BE,Summary!$A25,'Fds Units'!DP:DP) -> 25 | I26: =SUMIF('Fds Units'!$BH:$BH,Summary!$A25,'Fds Units'!DQ:DQ) -> 25 | J26: =SUMIF('Fds Units'!$BK:$BK,Summary!$A25,'Fds Units'!DR:DR) -> 25 | K26: =SUMIF('Fds Units'!$BN:$BN,Summary!$A25,'Fds Units'!DS:DS) -> 25 | L26: =SUMIF('Fds Units'!$BQ:$BQ,Summary!$A25,'Fds Units'!DT:DT) -> 26 | M26: =SUMIF('Fds Units'!$BT:$BT,Summary!$A25,'Fds Units'!DU:DU) -> 18 | N26: =SUMIF('Fds Units'!$BW:$BW,Summary!$A25,'Fds Units'!DV:DV) -> 18 | O26: =SUMIF('Fds Units'!$BZ:$BZ,Summary!$A25,'Fds Units'!DW:DW) -> 24 | P26: =SUMIF('Fds Units'!$CC:$CC,Summary!$A25,'Fds Units'!DX:DX) -> 17 | Q26: =SUMIF('Fds Units'!$CF:$CF,Summary!$A25,'Fds Units'!DY:DY) -> 28 | R26: =SUMIF('Fds Units'!$CI:$CI,Summary!$A25,'Fds Units'!DZ:DZ) -> 53 | S26: =SUMIF('Fds Units'!$CL:$CL,Summary!$A25,'Fds Units'!EA:EA) -> 27 | T26: =SUMIF('Fds Units'!$CO:$CO,Summary!$A25,'Fds Units'!EB:EB) -> 20 | U26: =SUMIF('Fds Units'!$CR:$CR,Summary!$A25,'Fds Units'!EC:EC) -> 21 | V26: =SUMIF('Fds Units'!$CU:$CU,Summary!$A25,'Fds Units'!ED:ED) -> 19 | W26: =SUMIF('Fds Units'!$CX:$CX,Summary!$A25,'Fds Units'!EE:EE) -> 19 | X26: =SUMIF('Fds Units'!$DA:$DA,Summary!$A25,'Fds Units'!EF:EF) -> 24 | Y26: =SUMIF('Fds Units'!$DD:$DD,Summary!$A25,'Fds Units'!EG:EG) -> 18 | Z26: =SUMIF('Fds Units'!$DG:$DG,Summary!$A25,'Fds Units'!EH:EH) -> 11
B27: Days Under/(Over) | C27: =+C$11-C26 -> 0 | D27: =+D$11-D26-D10 -> 1 | E27: =+E$11-E26-E10 -> 0 | F27: =+F$11-F26-F10 -> 0 | G27: =+G$11-G26-G10 -> 1 | H27: =+H$11-H26-H10 -> 0 | I27: =+I$11-I26-I10 -> 0 | J27: =+J$11-J26-J10 -> 0 | K27: =+K$11-K26 -> 0 | L27: =+L$11-L26 -> 1 | M27: =+M$11-M26 -> 1 | N27: =+N$11-N26 -> 4 | O27: =+O$11-O26 -> 2 | P27: =+P$11-P26 -> 7 | Q27: =+Q$11-Q26 -> -2 | R27: =+R$11-R26 -> -27 | ... Z27: =+Z$11-Z26 -> 14
B28: Retort Cycles Req'd | C28: =SUMIF('Fds Units'!$AP:$AP,Summary!$A25,'Fds Units'!EJ:EJ) -> 182 | D28: =SUMIF('Fds Units'!$AS:$AS,Summary!$A25,'Fds Units'!EK:EK) -> 161 | E28: =SUMIF('Fds Units'!$AV:$AV,Summary!$A25,'Fds Units'!EL:EL) -> 206 | F28: =SUMIF('Fds Units'!$AY:$AY,Summary!$A25,'Fds Units'!EM:EM) -> 175 | G28: =SUMIF('Fds Units'!$BB:$BB,Summary!$A25,'Fds Units'!EN:EN) -> 172 | H28: =SUMIF('Fds Units'!$BE:$BE,Summary!$A25,'Fds Units'!EO:EO) -> 175 | I28: =SUMIF('Fds Units'!$BH:$BH,Summary!$A25,'Fds Units'!EP:EP) -> 175 | J28: =SUMIF('Fds Units'!$BK:$BK,Summary!$A25,'Fds Units'!EQ:EQ) -> 187 | K28: =SUMIF('Fds Units'!$BN:$BN,Summary!$A25,'Fds Units'!ER:ER) -> 175 | L28: =SUMIF('Fds Units'!$BQ:$BQ,Summary!$A25,'Fds Units'!ES:ES) -> 182 | M28: =SUMIF('Fds Units'!$BT:$BT,Summary!$A25,'Fds Units'!ET:ET) -> 126 | N28: =SUMIF('Fds Units'!$BW:$BW,Summary!$A25,'Fds Units'!EU:EU) -> 130 | O28: =SUMIF('Fds Units'!$BZ:$BZ,Summary!$A25,'Fds Units'!EV:EV) -> 168 | P28: =SUMIF('Fds Units'!$CC:$CC,Summary!$A25,'Fds Units'!EW:EW) -> 119 | Q28: =SUMIF('Fds Units'!$CF:$CF,Summary!$A25,'Fds Units'!EX:EX) -> 196 | R28: =SUMIF('Fds Units'!$CI:$CI,Summary!$A25,'Fds Units'!EY:EY) -> 371 | S28: =SUMIF('Fds Units'!$CL:$CL,Summary!$A25,'Fds Units'!EZ:EZ) -> 189 | T28: =SUMIF('Fds Units'!$CO:$CO,Summary!$A25,'Fds Units'!FA:FA) -> 140 | U28: =SUMIF('Fds Units'!$CR:$CR,Summary!$A25,'Fds Units'!FB:FB) -> 147 | V28: =SUMIF('Fds Units'!$CU:$CU,Summary!$A25,'Fds Units'!FC:FC) -> 133 | W28: =SUMIF('Fds Units'!$CX:$CX,Summary!$A25,'Fds Units'!FD:FD) -> 133 | X28: =SUMIF('Fds Units'!$DA:$DA,Summary!$A25,'Fds Units'!FE:FE) -> 168 | Y28: =SUMIF('Fds Units'!$DD:$DD,Summary!$A25,'Fds Units'!FF:FF) -> 126 | Z28: =SUMIF('Fds Units'!$DG:$DG,Summary!$A25,'Fds Units'!FG:FG) -> 77
C29: =+C25/C$74 -> 0.34285759 | D29: =+D25/D$74 -> 0.37126543 | E29: =+E25/E$74 -> 0.29937392 | F29: =+F25/F$74 -> 0.41538187 | G29: =+G25/G$74 -> 0.28672689 | H29: =+H25/H$74 -> 0.30212055 | I29: =+I25/I$74 -> 0.37089374 | J29: =+J25/J$74 -> 0.42863905 | ... Z29: =+Z25/Z$74 -> 0.34807211
A30: W3 | B30: Volume | M30: =SUMIF('Fds Units'!$BT:$BT,Summary!$A30,'Fds Units'!L:L)+SUMIF('Fds Units'!$BT:$BT,Summary!$A30,'Fds Units'!N:N) -> 199968 | N30: =SUMIF('Fds Units'!$BW:$BW,Summary!$A30,'Fds Units'!R:R) -> 2378412 | O30: =SUMIF('Fds Units'!$BZ:$BZ,Summary!$A30,'Fds Units'!V:V) -> 3923508 | P30: =SUMIF('Fds Units'!$CC:$CC,Summary!$A30,'Fds Units'!Z:Z) -> 4927080 | Q30: =SUMIF('Fds Units'!$CF:$CF,Summary!$A30,'Fds Units'!AC:AC) -> 3245996 | R30: =SUMIF('Fds Units'!$CI:$CI,Summary!$A30,'Fds Units'!AF:AF) -> 5039472 | S30: =SUMIF('Fds Units'!$CL:$CL,Summary!$A30,'Fds Units'!AG:AG) -> 10104000 | T30: =SUMIF('Fds Units'!$CO:$CO,Summary!$A30,'Fds Units'!AH:AH) -> 3253441.8 | U30: =SUMIF('Fds Units'!$CR:$CR,Summary!$A30,'Fds Units'!AI:AI) -> 3457441.8 | V30: =SUMIF('Fds Units'!$CU:$CU,Summary!$A30,'Fds Units'!AJ:AJ) -> 3457441.8 | W30: =SUMIF('Fds Units'!$CX:$CX,Summary!$A30,'Fds Units'!AK:AK) -> 3445441.8 | X30: =SUMIF('Fds Units'!$DA:$DA,Summary!$A30,'Fds Units'!AL:AL) -> 3603841.8 | Y30: =SUMIF('Fds Units'!$DD:$DD,Summary!$A30,'Fds Units'!AM:AM) -> 3551041.8 | Z30: =SUMIF('Fds Units'!$DG:$DG,Summary!$A30,'Fds Units'!AN:AN) -> 3551041.8
B31: Days | M31: =SUMIF('Fds Units'!$BT:$BT,Summary!$A30,'Fds Units'!DU:DU) -> 3 | N31: =SUMIF('Fds Units'!$BW:$BW,Summary!$A30,'Fds Units'!DV:DV) -> 19 | O31: =SUMIF('Fds Units'!$BZ:$BZ,Summary!$A30,'Fds Units'!DW:DW) -> 30 | P31: =SUMIF('Fds Units'!$CC:$CC,Summary!$A30,'Fds Units'!DX:DX) -> 33 | Q31: =SUMIF('Fds Units'!$CF:$CF,Summary!$A30,'Fds Units'!DY:DY) -> 40 | R31: =SUMIF('Fds Units'!$CI:$CI,Summary!$A30,'Fds Units'!DZ:DZ) -> 55 | S31: =SUMIF('Fds Units'!$CL:$CL,Summary!$A30,'Fds Units'!EA:EA) -> 55 | T31: =SUMIF('Fds Units'!$CO:$CO,Summary!$A30,'Fds Units'!EB:EB) -> 26 | U31: =SUMIF('Fds Units'!$CR:$CR,Summary!$A30,'Fds Units'!EC:EC) -> 27 | V31: =SUMIF('Fds Units'!$CU:$CU,Summary!$A30,'Fds Units'!ED:ED) -> 27 | W31: =SUMIF('Fds Units'!$CX:$CX,Summary!$A30,'Fds Units'!EE:EE) -> 27 | X31: =SUMIF('Fds Units'!$DA:$DA,Summary!$A30,'Fds Units'!EF:EF) -> 29 | Y31: =SUMIF('Fds Units'!$DD:$DD,Summary!$A30,'Fds Units'!EG:EG) -> 29 | Z31: =SUMIF('Fds Units'!$DG:$DG,Summary!$A30,'Fds Units'!EH:EH) -> 12
B32: Days Under/(Over) | M32: =+M$11-M31 -> 16 | N32: =+N$11-N31 -> 3 | O32: =+O$11-O31 -> -4 | P32: =+P$11-P31 -> -9 | Q32: =+Q$11-Q31 -> -14 | R32: =+R$11-R31 -> -29 | S32: =+S$11-S31 -> -30 | T32: =+T$11-T31 -> 0 | ... Z32: =+Z$11-Z31 -> 13
B33: Retort Cycles Req'd | M33: =SUMIF('Fds Units'!$BT:$BT,Summary!$A30,'Fds Units'!ET:ET) -> 27 | N33: =SUMIF('Fds Units'!$BW:$BW,Summary!$A30,'Fds Units'!EU:EU) -> 173 | O33: =SUMIF('Fds Units'!$BZ:$BZ,Summary!$A30,'Fds Units'!EV:EV) -> 360 | P33: =SUMIF('Fds Units'!$CC:$CC,Summary!$A30,'Fds Units'!EW:EW) -> 307 | Q33: =SUMIF('Fds Units'!$CF:$CF,Summary!$A30,'Fds Units'!EX:EX) -> 375 | R33: =SUMIF('Fds Units'!$CI:$CI,Summary!$A30,'Fds Units'!EY:EY) -> 594 | S33: =SUMIF('Fds Units'!$CL:$CL,Summary!$A30,'Fds Units'!EZ:EZ) -> 659 | T33: =SUMIF('Fds Units'!$CO:$CO,Summary!$A30,'Fds Units'!FA:FA) -> 345 | U33: =SUMIF('Fds Units'!$CR:$CR,Summary!$A30,'Fds Units'!FB:FB) -> 347 | V33: =SUMIF('Fds Units'!$CU:$CU,Summary!$A30,'Fds Units'!FC:FC) -> 347 | W33: =SUMIF('Fds Units'!$CX:$CX,Summary!$A30,'Fds Units'!FD:FD) -> 347 | X33: =SUMIF('Fds Units'!$DA:$DA,Summary!$A30,'Fds Units'!FE:FE) -> 372 | Y33: =SUMIF('Fds Units'!$DD:$DD,Summary!$A30,'Fds Units'!FF:FF) -> 372 | Z33: =SUMIF('Fds Units'!$DG:$DG,Summary!$A30,'Fds Units'!FG:FG) -> 166
C34: =+C30/C$74 -> 0 | D34: =+D30/D$74 -> 0 | E34: =+E30/E$74 -> 0 | F34: =+F30/F$74 -> 0 | G34: =+G30/G$74 -> 0 | H34: =+H30/H$74 -> 0 | I34: =+I30/I$74 -> 0 | J34: =+J30/J$74 -> 0 | ... Z34: =+Z30/Z$74 -> 0.44757037
A35: Y3NS | B35: Volume | C35: =SUMIF('Fds Units'!$AP:$AP,Summary!$A35,'Fds Units'!B:B) -> 2380269 | D35: =SUMIF('Fds Units'!$AS:$AS,Summary!$A35,'Fds Units'!C:C) -> 2350932 | E35: =SUMIF('Fds Units'!$AV:$AV,Summary!$A35,'Fds Units'!D:D) -> 2298792 | F35: =SUMIF('Fds Units'!$AY:$AY,Summary!$A35,'Fds Units'!E:E) -> 2714266 | G35: =SUMIF('Fds Units'!$BB:$BB,Summary!$A35,'Fds Units'!F:F) -> 2851011 | H35: =SUMIF('Fds Units'!$BE:$BE,Summary!$A35,'Fds Units'!G:G) -> 2942615 | I35: =SUMIF('Fds Units'!$BH:$BH,Summary!$A35,'Fds Units'!H:H) -> 2354363 | J35: =SUMIF('Fds Units'!$BK:$BK,Summary!$A35,'Fds Units'!I:I) -> 1561917 | K35: =SUMIF('Fds Units'!$BN:$BN,Summary!$A35,'Fds Units'!J:J) -> 1320450 | L35: =SUMIF('Fds Units'!$BQ:$BQ,Summary!$A35,'Fds Units'!K:K) -> 2663796 | M35: =SUMIF('Fds Units'!$BT:$BT,Summary!$A35,'Fds Units'!L:L)+SUMIF('Fds Units'!$BT:$BT,Summary!$A35,'Fds Units'!N:N) -> 3985941 | N35: =SUMIF('Fds Units'!$BW:$BW,Summary!$A35,'Fds Units'!R:R) -> 2206000 | O35: =SUMIF('Fds Units'!$BZ:$BZ,Summary!$A35,'Fds Units'!V:V) -> 2860000 | P35: =SUMIF('Fds Units'!$CC:$CC,Summary!$A35,'Fds Units'!Z:Z) -> 2237000 | Q35: =SUMIF('Fds Units'!$CF:$CF,Summary!$A35,'Fds Units'!AC:AC) -> 1630000 | R35: =SUMIF('Fds Units'!$CI:$CI,Summary!$A35,'Fds Units'!AF:AF) -> 1735000 | S35: =SUMIF('Fds Units'!$CL:$CL,Summary!$A35,'Fds Units'!AG:AG) -> 1430000 | T35: =SUMIF('Fds Units'!$CO:$CO,Summary!$A35,'Fds Units'!AH:AH) -> 820000 | U35: =SUMIF('Fds Units'!$CR:$CR,Summary!$A35,'Fds Units'!AI:AI) -> 1155000 | V35: =SUMIF('Fds Units'!$CU:$CU,Summary!$A35,'Fds Units'!AJ:AJ) -> 715000 | W35: =SUMIF('Fds Units'!$CX:$CX,Summary!$A35,'Fds Units'!AK:AK) -> 1135000 | X35: =SUMIF('Fds Units'!$DA:$DA,Summary!$A35,'Fds Units'!AL:AL) -> 905000 | Y35: =SUMIF('Fds Units'!$DD:$DD,Summary!$A35,'Fds Units'!AM:AM) -> 1125000 | Z35: =SUMIF('Fds Units'!$DG:$DG,Summary!$A35,'Fds Units'!AN:AN) -> 400000
B36: Days | C36: =SUMIF('Fds Units'!$AP:$AP,Summary!$A35,'Fds Units'!DK:DK) -> 26 | D36: =SUMIF('Fds Units'!$AS:$AS,Summary!$A35,'Fds Units'!DL:DL) -> 25 | E36: =SUMIF('Fds Units'!$AV:$AV,Summary!$A35,'Fds Units'!DM:DM) -> 26 | F36: =SUMIF('Fds Units'!$AY:$AY,Summary!$A35,'Fds Units'!DN:DN) -> 29 | G36: =SUMIF('Fds Units'!$BB:$BB,Summary!$A35,'Fds Units'!DO:DO) -> 28 | H36: =SUMIF('Fds Units'!$BE:$BE,Summary!$A35,'Fds Units'!DP:DP) -> 29 | I36: =SUMIF('Fds Units'!$BH:$BH,Summary!$A35,'Fds Units'!DQ:DQ) -> 25 | J36: =SUMIF('Fds Units'!$BK:$BK,Summary!$A35,'Fds Units'!DR:DR) -> 21 | K36: =SUMIF('Fds Units'!$BN:$BN,Summary!$A35,'Fds Units'!DS:DS) -> 15 | L36: =SUMIF('Fds Units'!$BQ:$BQ,Summary!$A35,'Fds Units'!DT:DT) -> 18 | M36: =SUMIF('Fds Units'!$BT:$BT,Summary!$A35,'Fds Units'!DU:DU) -> 22 | N36: =SUMIF('Fds Units'!$BW:$BW,Summary!$A35,'Fds Units'!DV:DV) -> 23 | O36: =SUMIF('Fds Units'!$BZ:$BZ,Summary!$A35,'Fds Units'!DW:DW) -> 28 | P36: =SUMIF('Fds Units'!$CC:$CC,Summary!$A35,'Fds Units'!DX:DX) -> 24 | Q36: =SUMIF('Fds Units'!$CF:$CF,Summary!$A35,'Fds Units'!DY:DY) -> 16 | R36: =SUMIF('Fds Units'!$CI:$CI,Summary!$A35,'Fds Units'!DZ:DZ) -> 17 | S36: =SUMIF('Fds Units'!$CL:$CL,Summary!$A35,'Fds Units'!EA:EA) -> 14 | T36: =SUMIF('Fds Units'!$CO:$CO,Summary!$A35,'Fds Units'!EB:EB) -> 8 | U36: =SUMIF('Fds Units'!$CR:$CR,Summary!$A35,'Fds Units'!EC:EC) -> 12 | V36: =SUMIF('Fds Units'!$CU:$CU,Summary!$A35,'Fds Units'!ED:ED) -> 7 | W36: =SUMIF('Fds Units'!$CX:$CX,Summary!$A35,'Fds Units'!EE:EE) -> 11 | X36: =SUMIF('Fds Units'!$DA:$DA,Summary!$A35,'Fds Units'!EF:EF) -> 9 | Y36: =SUMIF('Fds Units'!$DD:$DD,Summary!$A35,'Fds Units'!EG:EG) -> 11 | Z36: =SUMIF('Fds Units'!$DG:$DG,Summary!$A35,'Fds Units'!EH:EH) -> 4
B37: Days Under/(Over) | C37: =+C$11-C36 -> 0 | D37: =+D$11-D36 -> 0 | E37: =+E$11-E36 -> 0 | F37: =+F$11-F36 -> -2 | G37: =+G$11-G36 -> 0 | H37: =+H$11-H36 -> 0 | I37: =+I$11-I36 -> 0 | J37: =+J$11-J36 -> 4 | ... P37: =+P$11-P36 -> 0 | Q37: =+Q$8-Q36 -> 6 | R37: =+R$8-R36 -> 5 | S37: =+S$8-S36 -> 6 | T37: =+T$8-T36 -> 14 | U37: =+U$8-U36 -> 10 | V37: =+V$8-V36 -> 14 | W37: =+W$8-W36 -> 10 | X37: =+X$8-X36 -> 13 | ... Z37: =+Z$8-Z36 -> 17
B38: Retort Cycles Req'd | C38: =SUMIF('Fds Units'!$AP:$AP,Summary!$A35,'Fds Units'!EJ:EJ) -> 104 | D38: =SUMIF('Fds Units'!$AS:$AS,Summary!$A35,'Fds Units'!EK:EK) -> 82 | E38: =SUMIF('Fds Units'!$AV:$AV,Summary!$A35,'Fds Units'!EL:EL) -> 104 | F38: =SUMIF('Fds Units'!$AY:$AY,Summary!$A35,'Fds Units'!EM:EM) -> 128 | G38: =SUMIF('Fds Units'!$BB:$BB,Summary!$A35,'Fds Units'!EN:EN) -> 112 | H38: =SUMIF('Fds Units'!$BE:$BE,Summary!$A35,'Fds Units'!EO:EO) -> 116 | I38: =SUMIF('Fds Units'!$BH:$BH,Summary!$A35,'Fds Units'!EP:EP) -> 100 | J38: =SUMIF('Fds Units'!$BK:$BK,Summary!$A35,'Fds Units'!EQ:EQ) -> 84 | K38: =SUMIF('Fds Units'!$BN:$BN,Summary!$A35,'Fds Units'!ER:ER) -> 60 | L38: =SUMIF('Fds Units'!$BQ:$BQ,Summary!$A35,'Fds Units'!ES:ES) -> 184 | M38: =SUMIF('Fds Units'!$BT:$BT,Summary!$A35,'Fds Units'!ET:ET) -> 88 | N38: =SUMIF('Fds Units'!$BW:$BW,Summary!$A35,'Fds Units'!EU:EU) -> 92 | O38: =SUMIF('Fds Units'!$BZ:$BZ,Summary!$A35,'Fds Units'!EV:EV) -> 112 | P38: =SUMIF('Fds Units'!$CC:$CC,Summary!$A35,'Fds Units'!EW:EW) -> 96 | Q38: =SUMIF('Fds Units'!$CF:$CF,Summary!$A35,'Fds Units'!EX:EX) -> 64 | R38: =SUMIF('Fds Units'!$CI:$CI,Summary!$A35,'Fds Units'!EY:EY) -> 68 | S38: =SUMIF('Fds Units'!$CL:$CL,Summary!$A35,'Fds Units'!EZ:EZ) -> 56 | T38: =SUMIF('Fds Units'!$CO:$CO,Summary!$A35,'Fds Units'!FA:FA) -> 32 | U38: =SUMIF('Fds Units'!$CR:$CR,Summary!$A35,'Fds Units'!FB:FB) -> 48 | V38: =SUMIF('Fds Units'!$CU:$CU,Summary!$A35,'Fds Units'!FC:FC) -> 28 | W38: =SUMIF('Fds Units'!$CX:$CX,Summary!$A35,'Fds Units'!FD:FD) -> 44 | X38: =SUMIF('Fds Units'!$DA:$DA,Summary!$A35,'Fds Units'!FE:FE) -> 36 | Y38: =SUMIF('Fds Units'!$DD:$DD,Summary!$A35,'Fds Units'!FF:FF) -> 44 | Z38: =SUMIF('Fds Units'!$DG:$DG,Summary!$A35,'Fds Units'!FG:FG) -> 16
C39: =+C35/C$74 -> 0.17745035 | D39: =+D35/D$74 -> 0.19608393 | E39: =+E35/E$74 -> 0.17855599 | F39: =+F35/F$74 -> 0.20217451 | G39: =+G35/G$74 -> 0.20383053 | H39: =+H35/H$74 -> 0.209674 | I39: =+I35/I$74 -> 0.20885423 | J39: =+J35/J$74 -> 0.20760477 | ... Z39: =+Z35/Z$74 -> 0.050415669
A40: Y4N | B40: Volume | C40: =SUMIF('Fds Units'!$AP:$AP,Summary!$A40,'Fds Units'!B:B) -> 76344 | D40: =SUMIF('Fds Units'!$AS:$AS,Summary!$A40,'Fds Units'!C:C) -> 110886 | E40: =SUMIF('Fds Units'!$AV:$AV,Summary!$A40,'Fds Units'!D:D) -> 107892 | F40: =+Prophix!G188 -> 0 | G40: =SUMIF('Fds Units'!$BB:$BB,Summary!$A40,'Fds Units'!F:F) -> 275603 | H40: =SUMIF('Fds Units'!$BE:$BE,Summary!$A40,'Fds Units'!G:G) -> 903018 | I40: =SUMIF('Fds Units'!$BH:$BH,Summary!$A40,'Fds Units'!H:H) -> 500964 | J40: =SUMIF('Fds Units'!$BK:$BK,Summary!$A40,'Fds Units'!I:I) -> 95409 | K40: =SUMIF('Fds Units'!$BN:$BN,Summary!$A40,'Fds Units'!J:J) -> 0 | L40: =SUMIF('Fds Units'!$BQ:$BQ,Summary!$A40,'Fds Units'!K:K) -> 896 | M40: =SUMIF('Fds Units'!$BT:$BT,Summary!$A40,'Fds Units'!L:L)+SUMIF('Fds Units'!$BT:$BT,Summary!$A40,'Fds Units'!N:N) -> 0 | N40: =SUMIF('Fds Units'!$BW:$BW,Summary!$A40,'Fds Units'!R:R) -> 0 | O40: =SUMIF('Fds Units'!$BZ:$BZ,Summary!$A40,'Fds Units'!V:V) -> 0 | P40: =SUMIF('Fds Units'!$CC:$CC,Summary!$A40,'Fds Units'!Z:Z) -> 0 | Q40: =SUMIF('Fds Units'!$CF:$CF,Summary!$A40,'Fds Units'!AC:AC) -> 0 | R40: =SUMIF('Fds Units'!$CI:$CI,Summary!$A40,'Fds Units'!AF:AF) -> 0 | S40: =SUMIF('Fds Units'!$CL:$CL,Summary!$A40,'Fds Units'!AG:AG) -> 0 | T40: =SUMIF('Fds Units'!$CO:$CO,Summary!$A40,'Fds Units'!AH:AH) -> 0 | U40: =SUMIF('Fds Units'!$CR:$CR,Summary!$A40,'Fds Units'!AI:AI) -> 0 | V40: =SUMIF('Fds Units'!$CU:$CU,Summary!$A40,'Fds Units'!AJ:AJ) -> 0 | W40: =SUMIF('Fds Units'!$CX:$CX,Summary!$A40,'Fds Units'!AK:AK) -> 0 | X40: =SUMIF('Fds Units'!$DA:$DA,Summary!$A40,'Fds Units'!AL:AL) -> 0 | Y40: =SUMIF('Fds Units'!$DD:$DD,Summary!$A40,'Fds Units'!AM:AM) -> 0 | Z40: =SUMIF('Fds Units'!$DG:$DG,Summary!$A40,'Fds Units'!AN:AN) -> 0
B41: Days | C41: =SUMIF('Fds Units'!$AP:$AP,Summary!$A40,'Fds Units'!DK:DK) -> 3 | D41: =SUMIF('Fds Units'!$AS:$AS,Summary!$A40,'Fds Units'!DL:DL) -> 4 | E41: =SUMIF('Fds Units'!$AV:$AV,Summary!$A40,'Fds Units'!DM:DM) -> 4 | F41: 3 | G41: =SUMIF('Fds Units'!$BB:$BB,Summary!$A40,'Fds Units'!DO:DO) -> 7 | H41: =SUMIF('Fds Units'!$BE:$BE,Summary!$A40,'Fds Units'!DP:DP) -> 22 | I41: =SUMIF('Fds Units'!$BH:$BH,Summary!$A40,'Fds Units'!DQ:DQ) -> 11 | J41: =SUMIF('Fds Units'!$BK:$BK,Summary!$A40,'Fds Units'!DR:DR) -> 4 | K41: =SUMIF('Fds Units'!$BN:$BN,Summary!$A40,'Fds Units'!DS:DS) -> 0 | L41: =SUMIF('Fds Units'!$BQ:$BQ,Summary!$A40,'Fds Units'!DT:DT) -> 1 | M41: =SUMIF('Fds Units'!$BT:$BT,Summary!$A40,'Fds Units'!DU:DU) -> 0 | N41: =SUMIF('Fds Units'!$BW:$BW,Summary!$A40,'Fds Units'!DV:DV) -> 0 | O41: =SUMIF('Fds Units'!$BZ:$BZ,Summary!$A40,'Fds Units'!DW:DW) -> 0 | P41: =SUMIF('Fds Units'!$CC:$CC,Summary!$A40,'Fds Units'!DX:DX) -> 0 | Q41: =SUMIF('Fds Units'!$CF:$CF,Summary!$A40,'Fds Units'!DY:DY) -> 0 | R41: =SUMIF('Fds Units'!$CI:$CI,Summary!$A40,'Fds Units'!DZ:DZ) -> 0 | S41: =SUMIF('Fds Units'!$CL:$CL,Summary!$A40,'Fds Units'!EA:EA) -> 0 | T41: =SUMIF('Fds Units'!$CO:$CO,Summary!$A40,'Fds Units'!EB:EB) -> 0 | U41: =SUMIF('Fds Units'!$CR:$CR,Summary!$A40,'Fds Units'!EC:EC) -> 0 | V41: =SUMIF('Fds Units'!$CU:$CU,Summary!$A40,'Fds Units'!ED:ED) -> 0 | W41: =SUMIF('Fds Units'!$CX:$CX,Summary!$A40,'Fds Units'!EE:EE) -> 0 | X41: =SUMIF('Fds Units'!$DA:$DA,Summary!$A40,'Fds Units'!EF:EF) -> 0 | Y41: =SUMIF('Fds Units'!$DD:$DD,Summary!$A40,'Fds Units'!EG:EG) -> 0 | Z41: =SUMIF('Fds Units'!$DG:$DG,Summary!$A40,'Fds Units'!EH:EH) -> 0
B42: Days Under/(Over) | C42: =+C$11-C41 -> 23 | D42: =+D$11-D41 -> 21 | E42: =+E$11-E41 -> 22 | F42: =+F$11-F41 -> 24 | G42: =+G$11-G41 -> 21 | H42: =+H$11-H41 -> 7 | I42: =+I$11-I41 -> 14 | J42: =+J$11-J41 -> 21 | ... N42: =+N$11-N41 -> 22 | O42: =+O$8-O41 -> 21 | P42: =+P$8-P41 -> 20 | Q42: =+Q$8-Q41 -> 22 | R42: =+R$8-R41 -> 22 | S42: =+S$8-S41 -> 20 | T42: =+T$8-T41 -> 22 | U42: =+U$8-U41 -> 22 | V42: =+V$8-V41 -> 21 | ... Z42: =+Z$8-Z41 -> 21
B43: Retort Cycles Req'd | C43: =SUMIF('Fds Units'!$AP:$AP,Summary!$A40,'Fds Units'!EJ:EJ) -> 12 | D43: =SUMIF('Fds Units'!$AS:$AS,Summary!$A40,'Fds Units'!EK:EK) -> 16 | E43: =SUMIF('Fds Units'!$AV:$AV,Summary!$A40,'Fds Units'!EL:EL) -> 16 | F43: =SUMIF('Fds Units'!$AY:$AY,Summary!$A40,'Fds Units'!EM:EM) -> 0 | G43: =SUMIF('Fds Units'!$BB:$BB,Summary!$A40,'Fds Units'!EN:EN) -> 21 | H43: =SUMIF('Fds Units'!$BE:$BE,Summary!$A40,'Fds Units'!EO:EO) -> 66 | I43: =SUMIF('Fds Units'!$BH:$BH,Summary!$A40,'Fds Units'!EP:EP) -> 33 | J43: =SUMIF('Fds Units'!$BK:$BK,Summary!$A40,'Fds Units'!EQ:EQ) -> 24 | K43: =SUMIF('Fds Units'!$BN:$BN,Summary!$A40,'Fds Units'!ER:ER) -> 0 | L43: =SUMIF('Fds Units'!$BQ:$BQ,Summary!$A40,'Fds Units'!ES:ES) -> 3 | M43: =SUMIF('Fds Units'!$BT:$BT,Summary!$A40,'Fds Units'!ET:ET) -> 0 | N43: =SUMIF('Fds Units'!$BW:$BW,Summary!$A40,'Fds Units'!EU:EU) -> 0 | O43: =SUMIF('Fds Units'!$BZ:$BZ,Summary!$A40,'Fds Units'!EV:EV) -> 0 | P43: =SUMIF('Fds Units'!$CC:$CC,Summary!$A40,'Fds Units'!EW:EW) -> 0 | Q43: =SUMIF('Fds Units'!$CF:$CF,Summary!$A40,'Fds Units'!EX:EX) -> 0 | R43: =SUMIF('Fds Units'!$CI:$CI,Summary!$A40,'Fds Units'!EY:EY) -> 0 | S43: =SUMIF('Fds Units'!$CL:$CL,Summary!$A40,'Fds Units'!EZ:EZ) -> 0 | T43: =SUMIF('Fds Units'!$CO:$CO,Summary!$A40,'Fds Units'!FA:FA) -> 0 | U43: =SUMIF('Fds Units'!$CR:$CR,Summary!$A40,'Fds Units'!FB:FB) -> 0 | V43: =SUMIF('Fds Units'!$CU:$CU,Summary!$A40,'Fds Units'!FC:FC) -> 0 | W43: =SUMIF('Fds Units'!$CX:$CX,Summary!$A40,'Fds Units'!FD:FD) -> 0 | X43: =SUMIF('Fds Units'!$DA:$DA,Summary!$A40,'Fds Units'!FE:FE) -> 0 | Y43: =SUMIF('Fds Units'!$DD:$DD,Summary!$A40,'Fds Units'!FF:FF) -> 0 | Z43: =SUMIF('Fds Units'!$DG:$DG,Summary!$A40,'Fds Units'!FG:FG) -> 0
C44: =+C40/C$74 -> 0.0056914869 | D44: =+D40/D$74 -> 0.0092486565 | E44: =+E40/E$74 -> 0.0083803856 | F44: =+F40/F$74 -> 0 | G44: =+G40/G$74 -> 0.019703994 | H44: =+H40/H$74 -> 0.064343923 | I44: =+I40/I$74 -> 0.044440238 | J44: =+J40/J$74 -> 0.012681445 | ... Z44: =+Z40/Z$74 -> 0
A45: V3 | B45: Volume | C45: =SUMIF('Fds Units'!$AP:$AP,Summary!$A45,'Fds Units'!B:B) -> 127554 | D45: =SUMIF('Fds Units'!$AS:$AS,Summary!$A45,'Fds Units'!C:C) -> 85061 | E45: =SUMIF('Fds Units'!$AV:$AV,Summary!$A45,'Fds Units'!D:D) -> 138202 | F45: =SUMIF('Fds Units'!$AY:$AY,Summary!$A45,'Fds Units'!E:E) -> 208528 | G45: =SUMIF('Fds Units'!$BB:$BB,Summary!$A45,'Fds Units'!F:F) -> 207735 | H45: =SUMIF('Fds Units'!$BE:$BE,Summary!$A45,'Fds Units'!G:G) -> 228150 | I45: =SUMIF('Fds Units'!$BH:$BH,Summary!$A45,'Fds Units'!H:H) -> 219156 | J45: =SUMIF('Fds Units'!$BK:$BK,Summary!$A45,'Fds Units'!I:I) -> 141173 | K45: =SUMIF('Fds Units'!$BN:$BN,Summary!$A45,'Fds Units'!J:J) -> 142731 | L45: =SUMIF('Fds Units'!$BQ:$BQ,Summary!$A45,'Fds Units'!K:K) -> 24055 | M45: =SUMIF('Fds Units'!$BT:$BT,Summary!$A45,'Fds Units'!L:L)+SUMIF('Fds Units'!$BT:$BT,Summary!$A45,'Fds Units'!N:N) -> 0 | N45: =SUMIF('Fds Units'!$BW:$BW,Summary!$A45,'Fds Units'!R:R) -> 0 | O45: =SUMIF('Fds Units'!$BZ:$BZ,Summary!$A45,'Fds Units'!U:U) -> 0 | P45: =SUMIF('Fds Units'!$CC:$CC,Summary!$A45,'Fds Units'!Y:Y) -> 0 | Q45: =SUMIF('Fds Units'!$CF:$CF,Summary!$A45,'Fds Units'!AE:AE) -> 0 | R45: =SUMIF('Fds Units'!$CI:$CI,Summary!$A45,'Fds Units'!AF:AF) -> 0 | S45: =SUMIF('Fds Units'!$CL:$CL,Summary!$A45,'Fds Units'!AG:AG) -> 0 | T45: =SUMIF('Fds Units'!$CO:$CO,Summary!$A45,'Fds Units'!AH:AH) -> 0 | U45: =SUMIF('Fds Units'!$CR:$CR,Summary!$A45,'Fds Units'!AI:AI) -> 0 | V45: =SUMIF('Fds Units'!$CU:$CU,Summary!$A45,'Fds Units'!AJ:AJ) -> 0 | W45: =SUMIF('Fds Units'!$CX:$CX,Summary!$A45,'Fds Units'!AK:AK) -> 0 | X45: =SUMIF('Fds Units'!$DA:$DA,Summary!$A45,'Fds Units'!AL:AL) -> 0 | Y45: =SUMIF('Fds Units'!$DD:$DD,Summary!$A45,'Fds Units'!AM:AM) -> 0 | Z45: =SUMIF('Fds Units'!$DG:$DG,Summary!$A45,'Fds Units'!AN:AN) -> 0
B46: Days | C46: =SUMIF('Fds Units'!$AP:$AP,Summary!$A45,'Fds Units'!DK:DK) -> 3 | D46: =SUMIF('Fds Units'!$AS:$AS,Summary!$A45,'Fds Units'!DL:DL) -> 3 | E46: =SUMIF('Fds Units'!$AV:$AV,Summary!$A45,'Fds Units'!DM:DM) -> 4 | F46: =SUMIF('Fds Units'!$AY:$AY,Summary!$A45,'Fds Units'!DN:DN) -> 5 | G46: =SUMIF('Fds Units'!$BB:$BB,Summary!$A45,'Fds Units'!DO:DO) -> 5 | H46: =SUMIF('Fds Units'!$BE:$BE,Summary!$A45,'Fds Units'!DP:DP) -> 5 | I46: =SUMIF('Fds Units'!$BH:$BH,Summary!$A45,'Fds Units'!DQ:DQ) -> 6 | J46: =SUMIF('Fds Units'!$BK:$BK,Summary!$A45,'Fds Units'!DR:DR) -> 3 | K46: =SUMIF('Fds Units'!$BN:$BN,Summary!$A45,'Fds Units'!DS:DS) -> 3 | L46: =SUMIF('Fds Units'!$BQ:$BQ,Summary!$A45,'Fds Units'!DT:DT) -> 1 | M46: =SUMIF('Fds Units'!$BT:$BT,Summary!$A45,'Fds Units'!DU:DU) -> 0 | N46: =SUMIF('Fds Units'!$BW:$BW,Summary!$A45,'Fds Units'!DV:DV) -> 0 | O46: =SUMIF('Fds Units'!$BZ:$BZ,Summary!$A45,'Fds Units'!DW:DW) -> 0 | P46: =SUMIF('Fds Units'!$CC:$CC,Summary!$A45,'Fds Units'!DX:DX) -> 0 | Q46: =SUMIF('Fds Units'!$CF:$CF,Summary!$A45,'Fds Units'!DY:DY) -> 0 | R46: =SUMIF('Fds Units'!$CI:$CI,Summary!$A45,'Fds Units'!DZ:DZ) -> 0 | S46: =SUMIF('Fds Units'!$CL:$CL,Summary!$A45,'Fds Units'!EA:EA) -> 0 | T46: =SUMIF('Fds Units'!$CO:$CO,Summary!$A45,'Fds Units'!EB:EB) -> 0 | U46: =SUMIF('Fds Units'!$CR:$CR,Summary!$A45,'Fds Units'!EC:EC) -> 0 | V46: =SUMIF('Fds Units'!$CU:$CU,Summary!$A45,'Fds Units'!ED:ED) -> 0 | W46: =SUMIF('Fds Units'!$CX:$CX,Summary!$A45,'Fds Units'!EE:EE) -> 0 | X46: =SUMIF('Fds Units'!$DA:$DA,Summary!$A45,'Fds Units'!EF:EF) -> 0 | Y46: =SUMIF('Fds Units'!$DD:$DD,Summary!$A45,'Fds Units'!EG:EG) -> 0 | Z46: =SUMIF('Fds Units'!$DG:$DG,Summary!$A45,'Fds Units'!EH:EH) -> 0
B47: Days Under/(Over) | C47: =+C$11-C46 -> 23 | D47: =+D$11-D46 -> 22 | E47: =+E$11-E46 -> 22 | F47: =+F$11-F46 -> 22 | G47: =+G$11-G46 -> 23 | H47: =+H$11-H46 -> 24 | I47: =+I$11-I46 -> 19 | J47: =+J$11-J46 -> 22 | ... Z47: =+Z$11-Z46 -> 25
B48: Retort Cycles Req'd | C48: =SUMIF('Fds Units'!$AP:$AP,Summary!$A45,'Fds Units'!EJ:EJ) -> 6 | D48: =SUMIF('Fds Units'!$AS:$AS,Summary!$A45,'Fds Units'!EK:EK) -> 6 | E48: =SUMIF('Fds Units'!$AV:$AV,Summary!$A45,'Fds Units'!EL:EL) -> 8 | F48: =SUMIF('Fds Units'!$AY:$AY,Summary!$A45,'Fds Units'!EM:EM) -> 10 | G48: =SUMIF('Fds Units'!$BB:$BB,Summary!$A45,'Fds Units'!EN:EN) -> 10 | H48: =SUMIF('Fds Units'!$BE:$BE,Summary!$A45,'Fds Units'!EO:EO) -> 10 | I48: =SUMIF('Fds Units'!$BH:$BH,Summary!$A45,'Fds Units'!EP:EP) -> 12 | J48: =SUMIF('Fds Units'!$BK:$BK,Summary!$A45,'Fds Units'!EQ:EQ) -> 6 | K48: =SUMIF('Fds Units'!$BN:$BN,Summary!$A45,'Fds Units'!ER:ER) -> 6 | L48: =SUMIF('Fds Units'!$BQ:$BQ,Summary!$A45,'Fds Units'!ES:ES) -> 2 | M48: =SUMIF('Fds Units'!$BT:$BT,Summary!$A45,'Fds Units'!ET:ET) -> 0 | N48: =SUMIF('Fds Units'!$BW:$BW,Summary!$A45,'Fds Units'!EU:EU) -> 0 | O48: =SUMIF('Fds Units'!$BZ:$BZ,Summary!$A45,'Fds Units'!EV:EV) -> 0 | P48: =SUMIF('Fds Units'!$CC:$CC,Summary!$A45,'Fds Units'!EW:EW) -> 0 | Q48: =SUMIF('Fds Units'!$CF:$CF,Summary!$A45,'Fds Units'!EX:EX) -> 0 | R48: =SUMIF('Fds Units'!$CI:$CI,Summary!$A45,'Fds Units'!EY:EY) -> 0 | S48: =SUMIF('Fds Units'!$CL:$CL,Summary!$A45,'Fds Units'!EZ:EZ) -> 0 | T48: =SUMIF('Fds Units'!$CO:$CO,Summary!$A45,'Fds Units'!FA:FA) -> 0 | U48: =SUMIF('Fds Units'!$CR:$CR,Summary!$A45,'Fds Units'!FB:FB) -> 0 | V48: =SUMIF('Fds Units'!$CU:$CU,Summary!$A45,'Fds Units'!FC:FC) -> 0 | W48: =SUMIF('Fds Units'!$CX:$CX,Summary!$A45,'Fds Units'!FD:FD) -> 0 | X48: =SUMIF('Fds Units'!$DA:$DA,Summary!$A45,'Fds Units'!FE:FE) -> 0 | Y48: =SUMIF('Fds Units'!$DD:$DD,Summary!$A45,'Fds Units'!FF:FF) -> 0 | Z48: =SUMIF('Fds Units'!$DG:$DG,Summary!$A45,'Fds Units'!FG:FG) -> 0
C49: =+C45/C$74 -> 0.0095092203 | D49: =+D45/D$74 -> 0.0070946736 | E49: =+E45/E$74 -> 0.01073468 | F49: =+F45/F$74 -> 0.015532393 | G49: =+G45/G$74 -> 0.014851831 | H49: =+H45/H$74 -> 0.016256671 | I49: =+I45/I$74 -> 0.019441207 | J49: =+J45/J$74 -> 0.018764242 | ... Z49: =+Z45/Z$74 -> 0
A50: PT3 | B50: Volume | C50: =SUMIF('Fds Units'!$AP:$AP,Summary!$A50,'Fds Units'!B:B) -> 16536 | D50: =SUMIF('Fds Units'!$AS:$AS,Summary!$A50,'Fds Units'!C:C) -> 47824 | E50: =SUMIF('Fds Units'!$AV:$AV,Summary!$A50,'Fds Units'!D:D) -> 0 | F50: =SUMIF('Fds Units'!$AY:$AY,Summary!$A50,'Fds Units'!E:E) -> 25798 | G50: =SUMIF('Fds Units'!$BB:$BB,Summary!$A50,'Fds Units'!F:F) -> 46054 | H50: =SUMIF('Fds Units'!$BE:$BE,Summary!$A50,'Fds Units'!G:G) -> 0 | I50: =SUMIF('Fds Units'!$BH:$BH,Summary!$A50,'Fds Units'!H:H) -> 754 | J50: =SUMIF('Fds Units'!$BK:$BK,Summary!$A50,'Fds Units'!I:I) -> 18378 | K50: =SUMIF('Fds Units'!$BN:$BN,Summary!$A50,'Fds Units'!J:J) -> 38231 | L50: =SUMIF('Fds Units'!$BQ:$BQ,Summary!$A50,'Fds Units'!K:K) -> 0 | M50: =SUMIF('Fds Units'!$BT:$BT,Summary!$A50,'Fds Units'!L:L)+SUMIF('Fds Units'!$BT:$BT,Summary!$A50,'Fds Units'!N:N) -> 64748 | N50: =SUMIF('Fds Units'!$BW:$BW,Summary!$A50,'Fds Units'!R:R) -> 22800 | O50: =SUMIF('Fds Units'!$BZ:$BZ,Summary!$A50,'Fds Units'!V:V) -> 22200 | P50: =SUMIF('Fds Units'!$BZ:$BZ,Summary!$A$50,'Fds Units'!Z:Z) -> 52300 | Q50: =SUMIF('Fds Units'!$BZ:$BZ,Summary!$A$50,'Fds Units'!AC:AC) -> 2375 | R50: =SUMIF('Fds Units'!$BZ:$BZ,Summary!$A$50,'Fds Units'!AF:AF) -> 25000 | S50: =SUMIF('Fds Units'!$BZ:$BZ,Summary!$A$50,'Fds Units'!AG:AG) -> 0 | T50: =SUMIF('Fds Units'!$BZ:$BZ,Summary!$A$50,'Fds Units'!AH:AH) -> 0 | U50: =SUMIF('Fds Units'!$BZ:$BZ,Summary!$A$50,'Fds Units'!AI:AI) -> 18333 | V50: =SUMIF('Fds Units'!$BZ:$BZ,Summary!$A$50,'Fds Units'!AJ:AJ) -> 18333 | W50: =SUMIF('Fds Units'!$BZ:$BZ,Summary!$A$50,'Fds Units'!AK:AK) -> 18333 | X50: =SUMIF('Fds Units'!$BZ:$BZ,Summary!$A$50,'Fds Units'!AL:AL) -> 18333 | Y50: =SUMIF('Fds Units'!$BZ:$BZ,Summary!$A$50,'Fds Units'!AM:AM) -> 18333 | Z50: =SUMIF('Fds Units'!$BZ:$BZ,Summary!$A$50,'Fds Units'!AN:AN) -> 18333
B51: Days | C51: =SUMIF('Fds Units'!$AP:$AP,Summary!$A50,'Fds Units'!DK:DK) -> 6 | D51: =SUMIF('Fds Units'!$AS:$AS,Summary!$A50,'Fds Units'!DL:DL) -> 11 | E51: =SUMIF('Fds Units'!$AV:$AV,Summary!$A50,'Fds Units'!DM:DM) -> 0 | F51: =SUMIF('Fds Units'!$AY:$AY,Summary!$A50,'Fds Units'!DN:DN) -> 6 | G51: =SUMIF('Fds Units'!$BB:$BB,Summary!$A50,'Fds Units'!DO:DO) -> 12 | H51: =SUMIF('Fds Units'!$BE:$BE,Summary!$A50,'Fds Units'!DP:DP) -> 0 | I51: =SUMIF('Fds Units'!$BH:$BH,Summary!$A50,'Fds Units'!DQ:DQ) -> 1 | J51: =SUMIF('Fds Units'!$BK:$BK,Summary!$A50,'Fds Units'!DR:DR) -> 6 | K51: =SUMIF('Fds Units'!$BN:$BN,Summary!$A50,'Fds Units'!DS:DS) -> 8 | L51: =SUMIF('Fds Units'!$BQ:$BQ,Summary!$A50,'Fds Units'!DT:DT) -> 0 | M51: =SUMIF('Fds Units'!$BT:$BT,Summary!$A50,'Fds Units'!DU:DU) -> 8 | N51: =SUMIF('Fds Units'!$BW:$BW,Summary!$A50,'Fds Units'!DV:DV) -> 5 | O51: =SUMIF('Fds Units'!$BZ:$BZ,Summary!$A50,'Fds Units'!DW:DW) -> 5 | P51: =SUMIF('Fds Units'!$BZ:$BZ,Summary!$A50,'Fds Units'!DX:DX) -> 11 | Q51: =SUMIF('Fds Units'!$BZ:$BZ,Summary!$A50,'Fds Units'!DY:DY) -> 1 | R51: =SUMIF('Fds Units'!$BZ:$BZ,Summary!$A50,'Fds Units'!DZ:DZ) -> 5 | S51: =SUMIF('Fds Units'!$BZ:$BZ,Summary!$A50,'Fds Units'!EA:EA) -> 0 | T51: =SUMIF('Fds Units'!$BZ:$BZ,Summary!$A50,'Fds Units'!EB:EB) -> 0 | U51: =SUMIF('Fds Units'!$BZ:$BZ,Summary!$A50,'Fds Units'!EC:EC) -> 4 | V51: =SUMIF('Fds Units'!$BZ:$BZ,Summary!$A50,'Fds Units'!ED:ED) -> 4 | W51: =SUMIF('Fds Units'!$BZ:$BZ,Summary!$A50,'Fds Units'!EE:EE) -> 4 | X51: =SUMIF('Fds Units'!$BZ:$BZ,Summary!$A50,'Fds Units'!EF:EF) -> 4 | Y51: =SUMIF('Fds Units'!$BZ:$BZ,Summary!$A50,'Fds Units'!EG:EG) -> 4 | Z51: =SUMIF('Fds Units'!$BZ:$BZ,Summary!$A50,'Fds Units'!EH:EH) -> 4
B52: Days Under/(Over) | C52: =+C$11-C51 -> 20 | D52: =+D$11-D51 -> 14 | E52: =+E$11-E51 -> 26 | F52: =+F$11-F51 -> 21 | G52: =+G$11-G51 -> 16 | H52: =+H$11-H51 -> 29 | I52: =+I$11-I51 -> 24 | J52: =+J$11-J51 -> 19 | ... N52: =+N$11-N51 -> 17 | O52: =+O$8-O51 -> 16 | P52: =+P$8-P51 -> 9 | Q52: =+Q$8-Q51 -> 21 | R52: =+R$8-R51 -> 17 | S52: =+S$8-S51 -> 20 | T52: =+T$8-T51 -> 22 | U52: =+U$8-U51 -> 18 | V52: =+V$8-V51 -> 17 | ... Z52: =+Z$8-Z51 -> 17
B53: Retort Cycles Req'd | C53: =SUMIF('Fds Units'!$AP:$AP,Summary!$A50,'Fds Units'!EJ:EJ) -> 36 | D53: =SUMIF('Fds Units'!$AS:$AS,Summary!$A50,'Fds Units'!EK:EK) -> 66 | E53: =SUMIF('Fds Units'!$AV:$AV,Summary!$A50,'Fds Units'!EL:EL) -> 0 | F53: =SUMIF('Fds Units'!$AY:$AY,Summary!$A50,'Fds Units'!EM:EM) -> 36 | G53: =SUMIF('Fds Units'!$BB:$BB,Summary!$A50,'Fds Units'!EN:EN) -> 72 | H53: =SUMIF('Fds Units'!$BE:$BE,Summary!$A50,'Fds Units'!EO:EO) -> 0 | I53: =SUMIF('Fds Units'!$BH:$BH,Summary!$A50,'Fds Units'!EP:EP) -> 6 | J53: =SUMIF('Fds Units'!$BK:$BK,Summary!$A50,'Fds Units'!EQ:EQ) -> 36 | K53: =SUMIF('Fds Units'!$BN:$BN,Summary!$A50,'Fds Units'!ER:ER) -> 48 | L53: =SUMIF('Fds Units'!$BQ:$BQ,Summary!$A50,'Fds Units'!ES:ES) -> 0 | M53: =SUMIF('Fds Units'!$BT:$BT,Summary!$A50,'Fds Units'!ET:ET) -> 48 | N53: =SUMIF('Fds Units'!$BW:$BW,Summary!$A50,'Fds Units'!EU:EU) -> 30 | O53: =SUMIF('Fds Units'!$BZ:$BZ,Summary!$A50,'Fds Units'!EV:EV) -> 30 | P53: =SUMIF('Fds Units'!$CC:$CC,Summary!$A50,'Fds Units'!EW:EW) -> 66 | Q53: =SUMIF('Fds Units'!$CF:$CF,Summary!$A50,'Fds Units'!EX:EX) -> 6 | R53: =SUMIF('Fds Units'!$CI:$CI,Summary!$A50,'Fds Units'!EY:EY) -> 30 | S53: =SUMIF('Fds Units'!$CL:$CL,Summary!$A50,'Fds Units'!EZ:EZ) -> 9 | T53: =SUMIF('Fds Units'!$CO:$CO,Summary!$A50,'Fds Units'!FA:FA) -> 9 | U53: =SUMIF('Fds Units'!$CR:$CR,Summary!$A50,'Fds Units'!FB:FB) -> 33 | V53: =SUMIF('Fds Units'!$CU:$CU,Summary!$A50,'Fds Units'!FC:FC) -> 33 | W53: =SUMIF('Fds Units'!$CX:$CX,Summary!$A50,'Fds Units'!FD:FD) -> 33 | X53: =SUMIF('Fds Units'!$DA:$DA,Summary!$A50,'Fds Units'!FE:FE) -> 33 | Y53: =SUMIF('Fds Units'!$DD:$DD,Summary!$A50,'Fds Units'!FF:FF) -> 33 | Z53: =SUMIF('Fds Units'!$DG:$DG,Summary!$A50,'Fds Units'!FG:FG) -> 24
C54: =+C50/C$74 -> 0.0012327678 | D54: =+D50/D$74 -> 0.0039888512 | E54: =+E50/E$74 -> 0 | F54: =+F50/F$74 -> 0.0019215869 | G54: =+G50/G$74 -> 0.0032925903 | H54: =+H50/H$74 -> 0 | I54: =+I50/I$74 -> 6.688692e-05 | J54: =+J50/J$74 -> 0.0024427422 | ... Z54: =+Z50/Z$74 -> 0.0023106762
A55: Y1/L1 | B55: Volume | C55: =SUMIF('Fds Units'!$AP:$AP,Summary!$A55,'Fds Units'!B:B) -> 2778648 | D55: =SUMIF('Fds Units'!$AS:$AS,Summary!$A55,'Fds Units'!C:C) -> 2613096 | E55: =SUMIF('Fds Units'!$AV:$AV,Summary!$A55,'Fds Units'!D:D) -> 2394792 | F55: =SUMIF('Fds Units'!$AY:$AY,Summary!$A55,'Fds Units'!E:E) -> 1818792 | G55: =SUMIF('Fds Units'!$BB:$BB,Summary!$A55,'Fds Units'!F:F) -> 2181432 | H55: =SUMIF('Fds Units'!$BE:$BE,Summary!$A55,'Fds Units'!G:G) -> 1158108 | I55: =SUMIF('Fds Units'!$BH:$BH,Summary!$A55,'Fds Units'!H:H) -> 0 | J55: =SUMIF('Fds Units'!$BK:$BK,Summary!$A55,'Fds Units'!I:I) -> 0 | K55: =SUMIF('Fds Units'!$BN:$BN,Summary!$A55,'Fds Units'!J:J) -> 0 | L55: =SUMIF('Fds Units'!$BQ:$BQ,Summary!$A55,'Fds Units'!N:N)+SUMIF('Fds Units'!$BQ:$BQ,Summary!$A55,'Fds Units'!L:L) -> 49992 | M55: =SUMIF('Fds Units'!$BT:$BT,Summary!$A55,'Fds Units'!R:R) -> 0 | N55: =SUMIF('Fds Units'!$BW:$BW,Summary!$A55,'Fds Units'!U:U) -> 0
B56: Days | C56: =SUMIF('Fds Units'!$AP:$AP,Summary!$A55,'Fds Units'!DK:DK) -> 25 | D56: =SUMIF('Fds Units'!$AS:$AS,Summary!$A55,'Fds Units'!DL:DL) -> 24 | E56: =SUMIF('Fds Units'!$AV:$AV,Summary!$A55,'Fds Units'!DM:DM) -> 22 | F56: =SUMIF('Fds Units'!$AY:$AY,Summary!$A55,'Fds Units'!DN:DN) -> 18 | G56: =SUMIF('Fds Units'!$BB:$BB,Summary!$A55,'Fds Units'!DO:DO) -> 24 | H56: =SUMIF('Fds Units'!$BE:$BE,Summary!$A55,'Fds Units'!DP:DP) -> 12 | I56: =SUMIF('Fds Units'!$BH:$BH,Summary!$A55,'Fds Units'!DQ:DQ) -> 0 | J56: =SUMIF('Fds Units'!$BK:$BK,Summary!$A55,'Fds Units'!DR:DR) -> 0 | K56: =SUMIF('Fds Units'!$BN:$BN,Summary!$A55,'Fds Units'!DS:DS) -> 0 | L56: =SUMIF('Fds Units'!$BQ:$BQ,Summary!$A55,'Fds Units'!DT:DT) -> 0 | M56: =SUMIF('Fds Units'!$BT:$BT,Summary!$A55,'Fds Units'!DU:DU) -> 0 | N56: =SUMIF('Fds Units'!$BW:$BW,Summary!$A55,'Fds Units'!DV:DV) -> 0
B57: Days Under/(Over) | C57: =+C$11-C56 -> 1 | D57: =+D$11-D56 -> 1 | E57: =+E$11-E56 -> 4 | F57: =+F$11-F56 -> 9 | G57: =+G$11-G56 -> 4 | H57: =+H$11-H56-16 -> 1 | I57: =+I$11-I56-16 -> 9 | J57: =+J$11-J56 -> 25 | K57: =+K$11-K56 -> 25 | L57: =+L$11-L56 -> 27 | M57: =+M$11-M56 -> 19 | N57: =+N$11-N56 -> 22
B58: Retort Cycles Req'd | C58: =SUMIF('Fds Units'!$AP:$AP,Summary!$A55,'Fds Units'!EJ:EJ) -> 270 | D58: =SUMIF('Fds Units'!$AS:$AS,Summary!$A55,'Fds Units'!EK:EK) -> 294 | E58: =SUMIF('Fds Units'!$AV:$AV,Summary!$A55,'Fds Units'!EL:EL) -> 210 | F58: =SUMIF('Fds Units'!$AY:$AY,Summary!$A55,'Fds Units'!EM:EM) -> 159 | G58: =SUMIF('Fds Units'!$BB:$BB,Summary!$A55,'Fds Units'!EN:EN) -> 297 | H58: =SUMIF('Fds Units'!$BE:$BE,Summary!$A55,'Fds Units'!EO:EO) -> 144 | I58: =SUMIF('Fds Units'!$BH:$BH,Summary!$A55,'Fds Units'!EP:EP) -> 0 | J58: =SUMIF('Fds Units'!$BK:$BK,Summary!$A55,'Fds Units'!EQ:EQ) -> 0 | K58: =SUMIF('Fds Units'!$BN:$BN,Summary!$A55,'Fds Units'!ER:ER) -> 0 | L58: =SUMIF('Fds Units'!$BQ:$BQ,Summary!$A55,'Fds Units'!ES:ES) -> 0 | M58: =SUMIF('Fds Units'!$BT:$BT,Summary!$A55,'Fds Units'!ET:ET) -> 0 | N58: =SUMIF('Fds Units'!$BW:$BW,Summary!$A55,'Fds Units'!EU:EU) -> 0
C59: =+C55/C$74 -> 0.20714973 | D59: =+D55/D$74 -> 0.21795021 | E59: =+E55/E$74 -> 0.18601268 | F59: =+F55/F$74 -> 0.13547434 | G59: =+G55/G$74 -> 0.15595956 | H59: =+H55/H$74 -> 0.082520185 | I59: =+I55/I$74 -> 0 | J59: =+J55/J$74 -> 0 | ... N59: =+N55/N$74 -> 0
A60: J1 | B60: Volume | C60: =SUMIF('Fds Units'!$AP:$AP,Summary!$A60,'Fds Units'!B:B) -> 8735500 | D60: =SUMIF('Fds Units'!$AS:$AS,Summary!$A60,'Fds Units'!C:C) -> 6610250 | E60: =SUMIF('Fds Units'!$AV:$AV,Summary!$A60,'Fds Units'!D:D) -> 9362500 | F60: =SUMIF('Fds Units'!$AY:$AY,Summary!$A60,'Fds Units'!E:E) -> 0 | G60: =SUMIF('Fds Units'!$BB:$BB,Summary!$A60,'Fds Units'!F:F) -> 0 | H60: =SUMIF('Fds Units'!$BE:$BE,Summary!$A60,'Fds Units'!G:G) -> 4900500 | I60: =SUMIF('Fds Units'!$BH:$BH,Summary!$A60,'Fds Units'!H:H) -> 12110500 | J60: =SUMIF('Fds Units'!$BK:$BK,Summary!$A60,'Fds Units'!I:I) -> 6660500 | K60: =SUMIF('Fds Units'!$BN:$BN,Summary!$A60,'Fds Units'!J:J) -> 3336000 | L60: =SUMIF('Fds Units'!$BQ:$BQ,Summary!$A60,'Fds Units'!K:K) -> 14016250 | M60: =SUMIF('Fds Units'!$BT:$BT,Summary!$A60,'Fds Units'!L:L)+SUMIF('Fds Units'!$BT:$BT,Summary!$A60,'Fds Units'!N:N) -> 8354250 | N60: =SUMIF('Fds Units'!$BW:$BW,Summary!$A60,'Fds Units'!R:R) -> 5152500 | O60: =SUMIF('Fds Units'!$BZ:$BZ,Summary!$A60,'Fds Units'!V:V) -> 11250000 | P60: =SUMIF('Fds Units'!$CC:$CC,Summary!$A60,'Fds Units'!Z:Z) -> 7500000 | Q60: =SUMIF('Fds Units'!$CF:$CF,Summary!$A60,'Fds Units'!AC:AC) -> 3125000 | R60: =SUMIF('Fds Units'!$CI:$CI,Summary!$A60,'Fds Units'!AF:AF) -> 0 | S60: =SUMIF('Fds Units'!$CL:$CL,Summary!$A60,'Fds Units'!AG:AG) -> 0 | T60: =SUMIF('Fds Units'!$CO:$CO,Summary!$A60,'Fds Units'!AH:AH) -> 0 | U60: =SUMIF('Fds Units'!$CR:$CR,Summary!$A60,'Fds Units'!AI:AI) -> 0 | V60: =SUMIF('Fds Units'!$CU:$CU,Summary!$A60,'Fds Units'!AJ:AJ) -> 0 | W60: =SUMIF('Fds Units'!$CX:$CX,Summary!$A60,'Fds Units'!AK:AK) -> 0 | X60: =SUMIF('Fds Units'!$DA:$DA,Summary!$A60,'Fds Units'!AL:AL) -> 0 | Y60: =SUMIF('Fds Units'!$DD:$DD,Summary!$A60,'Fds Units'!AM:AM) -> 0 | Z60: =SUMIF('Fds Units'!$DG:$DG,Summary!$A60,'Fds Units'!AN:AN) -> 0
B61: Days | C61: =SUMIF('Fds Units'!$AP:$AP,Summary!$A60,'Fds Units'!DK:DK) -> 17 | D61: =SUMIF('Fds Units'!$AS:$AS,Summary!$A60,'Fds Units'!DL:DL) -> 11 | E61: =SUMIF('Fds Units'!$AV:$AV,Summary!$A60,'Fds Units'!DM:DM) -> 15 | F61: =SUMIF('Fds Units'!$AY:$AY,Summary!$A60,'Fds Units'!DN:DN) -> 0 | G61: =SUMIF('Fds Units'!$BB:$BB,Summary!$A60,'Fds Units'!DO:DO) -> 0 | H61: =SUMIF('Fds Units'!$BE:$BE,Summary!$A60,'Fds Units'!DP:DP) -> 8 | I61: =SUMIF('Fds Units'!$BH:$BH,Summary!$A60,'Fds Units'!DQ:DQ) -> 20 | J61: =SUMIF('Fds Units'!$BK:$BK,Summary!$A60,'Fds Units'!DR:DR) -> 11 | K61: =SUMIF('Fds Units'!$BN:$BN,Summary!$A60,'Fds Units'!DS:DS) -> 6 | L61: =SUMIF('Fds Units'!$BQ:$BQ,Summary!$A60,'Fds Units'!DT:DT) -> 23 | M61: =SUMIF('Fds Units'!$BT:$BT,Summary!$A60,'Fds Units'!DU:DU) -> 7 | N61: =SUMIF('Fds Units'!$BW:$BW,Summary!$A60,'Fds Units'!DV:DV) -> 9 | O61: =SUMIF('Fds Units'!$BZ:$BZ,Summary!$A60,'Fds Units'!DW:DW) -> 18 | P61: =SUMIF('Fds Units'!$CC:$CC,Summary!$A60,'Fds Units'!DX:DX) -> 9 | Q61: =SUMIF('Fds Units'!$CF:$CF,Summary!$A60,'Fds Units'!DY:DY) -> 0 | R61: =SUMIF('Fds Units'!$CI:$CI,Summary!$A60,'Fds Units'!DZ:DZ) -> 0 | S61: =SUMIF('Fds Units'!$CL:$CL,Summary!$A60,'Fds Units'!EA:EA) -> 0 | T61: =SUMIF('Fds Units'!$CO:$CO,Summary!$A60,'Fds Units'!EB:EB) -> 0 | U61: =SUMIF('Fds Units'!$CR:$CR,Summary!$A60,'Fds Units'!EC:EC) -> 0 | V61: =SUMIF('Fds Units'!$CU:$CU,Summary!$A60,'Fds Units'!ED:ED) -> 0 | W61: =SUMIF('Fds Units'!$CX:$CX,Summary!$A60,'Fds Units'!EE:EE) -> 0 | X61: =SUMIF('Fds Units'!$DA:$DA,Summary!$A60,'Fds Units'!EF:EF) -> 0 | Y61: =SUMIF('Fds Units'!$DD:$DD,Summary!$A60,'Fds Units'!EG:EG) -> 0 | Z61: =SUMIF('Fds Units'!$DG:$DG,Summary!$A60,'Fds Units'!EH:EH) -> 0
B62: Days Under/(Over) | C62: =+C$11-C61 -> 9 | D62: =+D$11-D61 -> 14 | E62: =+E$11-E61 -> 11 | F62: =+F$11-F61 -> 27 | G62: =+G$11-G61 -> 28 | H62: =+H$11-H61 -> 21 | I62: =+I$11-I61 -> 5 | J62: =+J$11-J61 -> 14 | ... N62: =+N$11-N61 -> 13 | O62: =+O$8-O61 -> 3 | P62: =+P$8-P61 -> 11 | Q62: =+Q$8-Q61 -> 22 | R62: =+R$8-R61 -> 22 | S62: =+S$8-S61 -> 20 | T62: =+T$8-T61 -> 22 | U62: =+U$8-U61 -> 22 | V62: =+V$8-V61 -> 21 | ... Z62: =+Z$8-Z61 -> 21
B63: Retort Cycles Req'd | C63: =SUMIF('Fds Units'!$AP:$AP,Summary!$A60,'Fds Units'!EJ:EJ) -> 0 | D63: =SUMIF('Fds Units'!$AS:$AS,Summary!$A60,'Fds Units'!EK:EK) -> 0 | E63: =SUMIF('Fds Units'!$AV:$AV,Summary!$A60,'Fds Units'!EL:EL) -> 0 | F63: =SUMIF('Fds Units'!$AY:$AY,Summary!$A60,'Fds Units'!EM:EM) -> 0 | G63: =SUMIF('Fds Units'!$BB:$BB,Summary!$A60,'Fds Units'!EN:EN) -> 0 | H63: =SUMIF('Fds Units'!$BE:$BE,Summary!$A60,'Fds Units'!EO:EO) -> 0 | I63: =SUMIF('Fds Units'!$BH:$BH,Summary!$A60,'Fds Units'!EP:EP) -> 0 | J63: =SUMIF('Fds Units'!$BK:$BK,Summary!$A60,'Fds Units'!EQ:EQ) -> 0 | K63: =SUMIF('Fds Units'!$BN:$BN,Summary!$A60,'Fds Units'!ER:ER) -> 0 | L63: =SUMIF('Fds Units'!$BQ:$BQ,Summary!$A60,'Fds Units'!ES:ES) -> 0 | M63: =SUMIF('Fds Units'!$BT:$BT,Summary!$A60,'Fds Units'!ET:ET) -> 0 | N63: =SUMIF('Fds Units'!$BW:$BW,Summary!$A60,'Fds Units'!EU:EU) -> 0 | O63: =SUMIF('Fds Units'!$BZ:$BZ,Summary!$A60,'Fds Units'!EV:EV) -> 0 | P63: =SUMIF('Fds Units'!$CC:$CC,Summary!$A60,'Fds Units'!EW:EW) -> 0 | Q63: =SUMIF('Fds Units'!$CF:$CF,Summary!$A60,'Fds Units'!EX:EX) -> 0 | R63: =SUMIF('Fds Units'!$CI:$CI,Summary!$A60,'Fds Units'!EY:EY) -> 0 | S63: =SUMIF('Fds Units'!$CL:$CL,Summary!$A60,'Fds Units'!EZ:EZ) -> 0 | T63: =SUMIF('Fds Units'!$CO:$CO,Summary!$A60,'Fds Units'!FA:FA) -> 0 | U63: =SUMIF('Fds Units'!$CR:$CR,Summary!$A60,'Fds Units'!FB:FB) -> 0 | V63: =SUMIF('Fds Units'!$CU:$CU,Summary!$A60,'Fds Units'!FC:FC) -> 0 | W63: =SUMIF('Fds Units'!$CX:$CX,Summary!$A60,'Fds Units'!FD:FD) -> 0 | X63: =SUMIF('Fds Units'!$DA:$DA,Summary!$A60,'Fds Units'!FE:FE) -> 0 | Y63: =SUMIF('Fds Units'!$DD:$DD,Summary!$A60,'Fds Units'!FF:FF) -> 0 | Z63: =SUMIF('Fds Units'!$DG:$DG,Summary!$A60,'Fds Units'!FG:FG) -> 0
C66: =C67/$AA$67 -> 0.098593272 | D66: =D67/$AA$67 -> 0.10091743 | E66: =E67/$AA$67 -> 0.089051988 | F66: =F67/$AA$67 -> 0.10201835 | G66: =G67/$AA$67 -> 0.1093578 | H66: =H67/$AA$67 -> 0.086238532 | I66: =I67/$AA$67 -> 0.068501529 | J66: =J67/$AA$67 -> 0.055902141 | ... Z66: =Z67/$AA$67 -> 0.041957187
B67: Retort Cycles Req'd | C67: =SUMIF($B$15:$B$58,$B67,C$15:C$58) -> 806 | D67: =SUMIF($B$15:$B$58,$B67,D$15:D$58) -> 825 | E67: =SUMIF($B$15:$B$58,$B67,E$15:E$58) -> 728 | F67: =SUMIF($B$15:$B$58,$B67,F$15:F$58) -> 834 | G67: =SUMIF($B$15:$B$58,$B67,G$15:G$58) -> 894 | H67: =SUMIF($B$15:$B$58,$B67,H$15:H$58) -> 705 | I67: =SUMIF($B$15:$B$58,$B67,I$15:I$58) -> 560 | J67: =SUMIF($B$15:$B$58,$B67,J$15:J$58) -> 457 | ... Z67: =SUMIF($B$15:$B$58,$B67,Z$15:Z$58) -> 343 | AA67: =SUM(C67:N67) -> 8175
B68: Retort Cycle Available | C68: =+C11*40 -> 1040 | D68: =+D11*40 -> 1000 | E68: =+E11*40 -> 1040 | F68: =+F11*40 -> 1080 | G68: =+G11*40 -> 1120 | H68: =+H11*40 -> 1160 | I68: =+I11*36 -> 900 | J68: =+J11*36 -> 900 | K68: =+K11*36 -> 900 | L68: =+L11*36 -> 972 | M68: =+M11*36 -> 684 | N68: =+N11*36 -> 792 | O68: =+O11*36 -> 936 | P68: =+P11*36 -> 864 | ... Z68: =+Z11*36 -> 900
B69: Delta | C69: =+C68-C67 -> 234 | D69: =+D68-D67 -> 175 | E69: =+E68-E67 -> 312 | F69: =+F68-F67 -> 246 | G69: =+G68-G67 -> 226 | H69: =+H68-H67 -> 455 | I69: =+I68-I67 -> 340 | J69: =+J68-J67 -> 443 | ... Z69: =+Z68-Z67 -> 557
B70: Days Available | C70: =+C69/C$11 -> 9 | D70: =+D69/D$11 -> 7 | E70: =+E69/E$11 -> 12 | F70: =+F69/F$11 -> 9.1111111 | G70: =+G69/G$11 -> 8.0714286 | H70: =+H69/H$11 -> 15.689655 | I70: =+I69/I$11 -> 13.6 | J70: =+J69/J$11 -> 17.72 | ... Z70: =+Z69/Z$11 -> 22.28
B71: % Utilization | C71: =+C67/C68 -> 0.775 | D71: =+D67/D68 -> 0.825 | E71: =+E67/E68 -> 0.7 | F71: =+F67/F68 -> 0.77222222 | G71: =+G67/G68 -> 0.79821429 | H71: =+H67/H68 -> 0.60775862 | I71: =+I67/I68 -> 0.62222222 | J71: =+J67/J68 -> 0.50777778 | ... Z71: =+Z67/Z68 -> 0.38111111
B74: Total Retorted Units | C74: =+C75-C60 -> 13413718 | D74: =+D75-D60 -> 11989417 | E74: =+E75-E60 -> 12874348 | F74: =+F75-F60 -> 13425362 | G74: =+G75-G60 -> 13987164 | H74: =+H75-H60 -> 14034239 | I74: =+I75-I60 -> 11272757 | J74: =+J75-J60 -> 7523512 | ... Z74: =+Z75-Z60 -> 7934041.2
B75: Totals | C75: =+C55+C60+C50+C45+C35+C40+C25+C20+C15+C30 -> 22149218 | D75: =+D55+D60+D50+D45+D35+D40+D25+D20+D15+D30 -> 18599667 | E75: =+E55+E60+E50+E45+E35+E40+E25+E20+E15+E30 -> 22236848 | F75: =+F55+F60+F50+F45+F35+F40+F25+F20+F15+F30 -> 13425362 | G75: =+G55+G60+G50+G45+G35+G40+G25+G20+G15+G30 -> 13987164 | H75: =+H55+H60+H50+H45+H35+H40+H25+H20+H15+H30 -> 18934739 | I75: =+I55+I60+I50+I45+I35+I40+I25+I20+I15+I30 -> 23383257 | J75: =+J55+J60+J50+J45+J35+J40+J25+J20+J15+J30 -> 14184012 | ... Z75: =+Z55+Z60+Z50+Z45+Z35+Z40+Z25+Z20+Z15+Z30 -> 7934041.2
C76: =C75-'Fds Units'!B99-'Fds Units'!B101 -> 0 | D76: =D75-'Fds Units'!C99-'Fds Units'!C101 -> 0 | E76: =E75-'Fds Units'!D99-'Fds Units'!D101 -> 0 | F76: =F75-'Fds Units'!E99-'Fds Units'!E101 -> 0 | G76: =G75-'Fds Units'!F99-'Fds Units'!F101 -> 0 | H76: =H75-'Fds Units'!G101-'Fds Units'!G99 -> 0 | I76: =I75-'Fds Units'!H101-'Fds Units'!H99 -> 0 | J76: =J75-'Fds Units'!I101-'Fds Units'!I99 -> 0 | K76: =K75-'Fds Units'!J101-'Fds Units'!J99 -> 0 | L76: =L75-'Fds Units'!K101-'Fds Units'!K99 -> 49992 | M76: =M75-'Fds Units'!L101-'Fds Units'!L99-'Fds Units'!N99-'Fds Units'!N101 -> 0 | N76: =N75-'Fds Units'!R101-'Fds Units'!R99 -> 0 | O76: =O75-'Fds Units'!U101-'Fds Units'!U99 -> 806276 | P76: =P75-'Fds Units'!Y101-'Fds Units'!Y99 -> 4045016 | Q76: =Q75-'Fds Units'!AE101-'Fds Units'!AE99 -> 2042283 | R76: =R75-'Fds Units'!AF101-'Fds Units'!AF99 -> 5192736 | S76: =S75-'Fds Units'!AG101-'Fds Units'!AG99 -> 7068000 | T76: =T75-'Fds Units'!AH101-'Fds Units'!AH99 -> -43749.75 | U76: =U75-'Fds Units'!AI101-'Fds Units'!AI99 -> -43749.75 | V76: =V75-'Fds Units'!AJ101-'Fds Units'!AJ99 -> -59379 | W76: =W75-'Fds Units'!AK101-'Fds Units'!AK99 -> -59374.5 | X76: =X75-'Fds Units'!AL101-'Fds Units'!AL99 -> -59374.5 | ... Z76: =Z75-'Fds Units'!AN101-'Fds Units'!AN99 -> -59374.5
B80: 2024 | C80: 11967342 | D80: 11085986 | E80: 12422593 | F80: 12588699 | G80: 11867431 | H80: 12016923 | I80: 12062462 | J80: 12145458 | K80: 10486808 | L80: 12764936 | M80: 12054428 | N80: 13133296
B81: 2023 | C81: 11944975 | D81: 10810555 | E81: 12489796 | F81: 10854894 | G81: 10759311 | H81: 9181128 | I81: 7051083 | J81: 10310753 | K81: 10909796 | L81: 12532456 | M81: 10342477 | N81: 10544218
B82: 2022 | C82: 7301570 | D82: 9436327 | E82: 11082746 | F82: 12085333 | G82: 9727421 | H82: 10358361 | I82: 10972651 | J82: 12149224 | K82: 12098870 | L82: 13375597 | M82: 11078579 | N82: 10880092
B83: 2021 | C83: 14381317 | D83: 13092750 | E83: 16215847 | F83: 14440780 | G83: 10781262 | H83: 11593431 | I83: 8975438 | J83: 7757748 | K83: 9832882 | L83: 11486435 | M83: 10519471 | N83: 8082445
B84: 2020 | C84: 8125771 | D84: 8792011 | E84: 11108168 | F84: 12532077 | G84: 13045055 | H84: 13586011 | I84: 13713933 | J84: 12471070 | K84: 11623918 | L84: 13213270 | M84: 12687734 | N84: 13114090
B85: 2019 | C85: 9833798 | D85: 11125214 | E85: 11994617 | F85: 10910746 | G85: 7954189 | H85: 9321755 | I85: 7501599 | J85: 8350044 | K85: 7318517 | L85: 8336653 | M85: 8241288 | N85: 7395472
B86: 6 Year AVG | C86: =AVERAGE(C80:C85) -> 10592462 | D86: =AVERAGE(D80:D85) -> 10723807 | E86: =AVERAGE(E80:E85) -> 12552294 | F86: =AVERAGE(F80:F85) -> 12235422 | G86: =AVERAGE(G80:G85) -> 10689112 | H86: =AVERAGE(H80:H85) -> 11009602 | I86: =AVERAGE(I80:I85) -> 10046194 | J86: =AVERAGE(J80:J85) -> 10530716 | ... N86: =AVERAGE(N80:N85) -> 10524936
B87: Variance B/(W) | C87: =+C74-C86 -> 2821255.8 | D87: =+D74-D86 -> 1265609.8 | E87: =+E74-E86 -> 322053.5 | F87: =+F74-F86 -> 1189940.5 | G87: =+G74-G86 -> 3298052.5 | H87: =+H74-H86 -> 3024637.5 | I87: =+I74-I86 -> 1226562.7 | J87: =+J74-J86 -> -3007204.2 | ... N87: =+N74-N86 -> -79019.5
B88: 2 Year Avg | C88: =AVERAGE(C80:C81) -> 11956158 | D88: =AVERAGE(D80:D81) -> 10948270 | E88: =AVERAGE(E80:E81) -> 12456194 | F88: =AVERAGE(F80:F81) -> 11721796 | G88: =AVERAGE(G80:G81) -> 11313371 | H88: =AVERAGE(H80:H81) -> 10599026 | I88: =AVERAGE(I80:I81) -> 9556772.5 | J88: =AVERAGE(J80:J81) -> 11228106 | ... N88: =AVERAGE(N80:N81) -> 11838757
B89: Variance B/(W) | C89: =+C74-C88 -> 1457559.5 | D89: =+D74-D88 -> 1041146.5 | E89: =+E74-E88 -> 418153.5 | F89: =+F74-F88 -> 1703565.5 | G89: =+G74-G88 -> 2673793 | H89: =+H74-H88 -> 3435213.5 | I89: =+I74-I88 -> 1715984.5 | J89: =+J74-J88 -> -3704593.5 | ... N89: =+N74-N88 -> -1392841
G97: Row Labels | H97: Count of prodDate
G98: J1 | H98: 10 | I98: =+H61 -> 8 | J98: =+H98-I98 -> 2
G99: S6/S7 | H99: 25 | I99: =+H21 -> 25 | J99: =+H99-I99 -> 0
G100: UGRA | H100: 7 | I100: 0 | J100: =+H100-I100 -> 7
G101: V3 | H101: 5 | I101: =+H46 -> 5 | J101: =+H101-I101 -> 0
G102: W2 | H102: 25 | I102: =+H26 -> 25 | J102: =+H102-I102 -> 0
G103: Y1/L1 | H103: 12 | I103: =+H56 -> 12 | J103: =+H103-I103 -> 0
G104: Y3NS | H104: 29 | I104: =+H36 -> 29 | J104: =+H104-I104 -> 0
G105: Y4/Y5 | H105: 27 | I105: =+H16 -> 27 | J105: =+H105-I105 -> 0
G106: Y4N | H106: 22 | I106: =+H41 -> 22 | J106: =+H106-I106 -> 0

Sheet Fds Units
A1: S&OP 2026 | B1: =EOMONTH(C1,-1) -> 45688 | C1: =EOMONTH(D1,-1) -> 45716 | D1: 45747 | E1: =EOMONTH(D1,1) -> 45777 | F1: =EOMONTH(E1,1) -> 45808 | G1: =EOMONTH(F1,1) -> 45838 | H1: =EOMONTH(G1,1) -> 45869 | I1: =EOMONTH(H1,1) -> 45900 | J1: =EOMONTH(I1,1) -> 45930 | K1: =EOMONTH(J1,1) -> 45961 | L1: =EOMONTH(K1,1) -> 45991 | M1: =EOMONTH(K1,1) -> 45991 | P1: =EOMONTH(M1,1) -> 46022 | Q1: =+P1 -> 46022 | U1: =EOMONTH(Q1,1) -> 46053 | Y1: =EOMONTH(U1,1) -> 46081 | AC1: =EOMONTH(Y1,1) -> 46112 | AF1: =EOMONTH(AC1,1) -> 46142 | AG1: =EOMONTH(AF1,1) -> 46173 | AH1: =EOMONTH(AG1,1) -> 46203 | AI1: =EOMONTH(AH1,1) -> 46234 | AJ1: =EOMONTH(AI1,1) -> 46265 | AK1: =EOMONTH(AJ1,1) -> 46295 | AL1: =EOMONTH(AK1,1) -> 46326 | AM1: =EOMONTH(AL1,1) -> 46356 | AN1: =EOMONTH(AM1,1) -> 46387 | AP1: =+B1 -> 45688 | AS1: =+C1 -> 45716 | AV1: =+D1 -> 45747 | AY1: =+E1 -> 45777 | BB1: =+F1 -> 45808 | BE1: =+EOMONTH(BB1,1) -> 45838 | BH1: July | BK1: Aug | BN1: Sept | BQ1: Oct | BT1: Nov | BW1: Dec | BZ1: Jan | CC1: Feb | CF1: Mar | CI1: Apr | CL1: May | CO1: June | CR1: July | CU1: August | CX1: Sept | DA1: Oct | DD1: Nov | DG1: Dec | DK1: =+EJ1 -> Jan | DL1: =+EK1 -> Feb | DM1: =+EL1 -> Mar | DN1: =+EM1 -> Apr | DO1: =+EN1 -> May | DP1: =+EO1 -> Jun | DQ1: =+EP1 -> Jul | DR1: =+EQ1 -> Aug | ... EB1: =+FA1 -> Jun | EC1: July | ED1: Aug | EE1: Sept | EF1: Oct | EG1: Nov | EH1: Dec | EJ1: Jan | EK1: Feb | EL1: Mar | EM1: Apr | EN1: May | EO1: Jun | EP1: Jul | EQ1: Aug | ER1: Sep | ES1: Oct | ET1: Nov | EU1: Dec | EV1: Jan | EW1: Feb | EX1: Mar | EY1: Apr | EZ1: May | FA1: Jun | FB1: =+EC1 -> July | FC1: =+ED1 -> Aug | FD1: =+EE1 -> Sept | FE1: =+EF1 -> Oct | FF1: =+EG1 -> Nov | FG1: =+EH1 -> Dec
A2: Foods | B2: Actuals | C2: Actuals | D2: Actuals | E2: Actuals | F2: Actuals | G2: Actuals | H2: Actuals | I2: Actuals | J2: Actuals | K2: Actuals | L2: Actuals | M2: Forecast | N2: Schedule | O2: Variance | P2: Demand (PO) | Q2: Forecast | R2: Schedule | S2: Actual Production | T2: Variance | U2: Pre Month Schedule | V2: Scheduled | W2: Customer Forecast | X2: Actuals | Y2: Pre Month Schedule | Z2: Scheduled | AA2: Actuals | AB2: Variance | AC2: Pre Month Schedule | AD2: Forecast | AE2: Scheduled | AF2: =+AD2 -> Forecast | AG2: =+AF2 -> Forecast | AH2: =+AG2 -> Forecast | AI2: =+AH2 -> Forecast | AJ2: =+AI2 -> Forecast | AK2: =+AJ2 -> Forecast | AL2: =+AK2 -> Forecast | AM2: =+AL2 -> Forecast | AN2: =+AM2 -> Forecast | AP2: Machine | AQ2: Throughput | AR2: Retorts | AS2: Machine | AT2: Throughput | AU2: Retorts | AV2: Machine | AW2: Throughput | AX2: Retorts | AY2: Machine | AZ2: Throughput | BA2: Retorts | BB2: Machine | BC2: Throughput | BD2: Retorts | BE2: Machine | BF2: Throughput | BG2: Retorts | BH2: Machine | BI2: Throughput | BJ2: Retorts | BK2: Machine | BL2: Throughput | BM2: Retorts | BN2: Machine | BO2: Throughput | BP2: Retorts | BQ2: Machine | BR2: Throughput | BS2: Retorts | BT2: Machine | BU2: Throughput | BV2: Retorts | BW2: Machine | BX2: Throughput | BY2: Retorts | BZ2: Machine | CA2: Throughput | CB2: Retorts | CC2: Machine | CD2: Throughput | CE2: Retorts | CF2: Machine | CG2: Throughput | CH2: Retorts | CI2: Machine | CJ2: Throughput | CK2: Retorts | CL2: Machine | CM2: Throughput | CN2: Retorts | CO2: Machine | CP2: Throughput | CQ2: Retorts | CR2: Machine | CS2: Throughput | CT2: Retorts | CU2: Machine | CV2: Throughput | CW2: Retorts | CX2: Machine | CY2: Throughput | CZ2: Retorts | DA2: Machine | DB2: Throughput | DC2: Retorts | DD2: Machine | DE2: Throughput | DF2: Retorts | DG2: Machine | DH2: Throughput | DI2: Retorts | DK2: =+B2 -> Actuals | DL2: =+C2 -> Actuals | DM2: =+D2 -> Actuals | DN2: =+E2 -> Actuals | DO2: =+F2 -> Actuals | DP2: =+G2 -> Actuals | DQ2: =+H2 -> Actuals | DR2: =+I2 -> Actuals | DS2: =+DR2 -> Actuals | DT2: =+N2 -> Schedule | DU2: =+R2 -> Schedule | DV2: =+U2 -> Pre Month Schedule | DW2: =+DV2 -> Pre Month Schedule | DX2: =+DW2 -> Pre Month Schedule | DY2: =+DX2 -> Pre Month Schedule | DZ2: =+DY2 -> Pre Month Schedule | EA2: =+DZ2 -> Pre Month Schedule | EB2: =+EA2 -> Pre Month Schedule | EC2: =+EB2 -> Pre Month Schedule | ED2: =+EC2 -> Pre Month Schedule | ... EH2: =+EG2 -> Pre Month Schedule | EJ2: =+DK2 -> Actuals | EK2: =+DL2 -> Actuals | EL2: =+DM2 -> Actuals | EM2: =+DN2 -> Actuals | EN2: =+DO2 -> Actuals | EO2: =+DP2 -> Actuals | EP2: =+DQ2 -> Actuals | EQ2: =+DR2 -> Actuals | ... EU2: =+DV2 -> Pre Month Schedule | EV2: =+EU2 -> Pre Month Schedule | EW2: =+EV2 -> Pre Month Schedule | EX2: =+EW2 -> Pre Month Schedule | EY2: =+EX2 -> Pre Month Schedule | EZ2: =+EY2 -> Pre Month Schedule | FA2: =+EZ2 -> Pre Month Schedule | FB2: =+FA2 -> Pre Month Schedule | FC2: =+FB2 -> Pre Month Schedule | ... FG2: =+FF2 -> Pre Month Schedule
A3: Government | B3: =SUM(B4:B16)-B4 -> 3317098 | C3: =SUM(C4:C16)-C4 -> 3306913 | D3: =SUM(D4:D16)-D4 -> 2436994 | E3: =SUM(E4:E16)-E4 -> 2922816 | F3: =SUM(F4:F16)-F4 -> 4385690 | G3: =SUM(G4:G16)-G4 -> 4539743 | H3: =SUM(H4:H16)-H4 -> 3175301 | I3: =SUM(I4:I16)-I4 -> 2322944 | ... S3: =SUM(S4:S16)-S4 -> 1979373 | T3: =S3-R3 -> -249427 | U3: =SUM(U4:U16)-U4 -> 2650000 | V3: =SUM(V4:V16)-V4 -> 2882200 | W3: =SUM(W4:W16)-W4 -> 1942902.2 | X3: =SUM(X4:X16)-X4 -> 2274125 | Y3: =SUM(Y4:Y16) -> 2514600 | Z3: =SUM(Z4:Z16) -> 2289300 | AA3: =SUM(AA4:AA16) -> 2171667 | AB3: =SUM(AB4:AB16) -> -117633 | AC3: =SUM(AC4:AC16) -> 1632375 | AD3: =SUM(AD4:AD16) -> 1633180 | AE3: =SUM(AE4:AE16) -> 1633180 | AF3: =SUM(AF4:AF16) -> 1760000 | ... AN3: =SUM(AN4:AN16) -> 418333 | FO3: Oct | FP3: Nov | FQ3: Dec
A4: MRE Base | B4: =SUMIF(Prophix!$Q:$Q,'Fds Units'!$A4,Prophix!D:D)-B8 -> 2001734 | C4: =SUMIF(Prophix!$Q:$Q,'Fds Units'!$A4,Prophix!E:E)-C8 -> 1659825 | D4: =SUMIF(Prophix!$Q:$Q,'Fds Units'!$A4,Prophix!F:F)-D8 -> 1876069 | E4: =SUMIF(Prophix!$Q:$Q,'Fds Units'!$A4,Prophix!G:G)-E8 -> 1866232 | F4: =SUMIF(Prophix!$Q:$Q,'Fds Units'!$A4,Prophix!H:H)-F8 -> 2534579 | G4: =SUMIF(Prophix!$Q:$Q,'Fds Units'!$A4,Prophix!I:I)-G8 -> 2606293 | H4: =SUMIF(Prophix!$Q:$Q,'Fds Units'!$A4,Prophix!J:J)-H8 -> 2504242 | I4: =SUMIF(Prophix!$Q:$Q,'Fds Units'!$A4,Prophix!K:K)-I8 -> 845959 | J4: =SUMIF(Prophix!$Q:$Q,'Fds Units'!$A4,Prophix!L:L)-J8 -> 1225444 | K4: =SUMIF(Prophix!$Q:$Q,'Fds Units'!$A4,Prophix!M:M)-K8 -> 1666391 | N4: =SUM(N5:N7) -> 1585000 | O4: =SUM(O5:O7) -> -225793 | P4: =+P5 -> 0 | Q4: =R4 -> 1261000 | R4: =SUM(R5:R7) -> 1261000 | S4: =SUM(S5:S7) -> 1251687 | T4: =S4-R4 -> -9313 | U4: 1915000 | V4: 2020000 | W4: 1369806.2 | X4: 1827130 | Y4: 1410000 | Z4: 1299000 | AA4: 1392780 | AB4: =AA4-Z4 -> 93780 | AC4: 1000000 | AD4: 1210000 | AE4: 1210000 | AF4: 1315000 | AG4: 1010000 | AH4: 400000 | AI4: 810000 | AJ4: 295000 | AK4: 820000 | AL4: 695000 | AM4: 810000 | AN4: 400000 | BZ4: Y3NS | CA4: 105000 | CB4: 4 | CC4: Y3NS | CD4: 105000 | CE4: 4 | CF4: Y3NS | CG4: 105000 | CH4: 4 | CI4: Y3NS | CJ4: 105000 | CK4: 4 | CL4: Y3NS | CM4: 105000 | CN4: 4 | CO4: Y3NS | CP4: 105000 | CQ4: 4 | CR4: Y3NS | CS4: 105000 | CT4: 4 | CU4: Y3NS | CV4: 105000 | CW4: 4 | CX4: Y3NS | CY4: 105000 | CZ4: 4 | DA4: Y3NS | DB4: 105000 | DC4: 4 | DD4: Y3NS | DE4: 105000 | DF4: 4 | DG4: Y3NS | DH4: 105000 | DI4: 4 | DK4: 0 | DL4: =IFERROR(ROUNDUP(+C4/$AT4,0),0) -> 0 | DM4: =IFERROR(ROUNDUP(+D4/$AW4,0),0) -> 0 | DN4: =IFERROR(ROUNDUP(+E4/$AZ4,0),0) -> 0 | DO4: =IFERROR(ROUNDUP(+F4/$BC4,0),0) -> 0 | DP4: =IFERROR(ROUNDUP(+G4/$BF4,0),0) -> 0 | DQ4: =IFERROR(ROUNDUP(+$H4/$BI4,0),0) -> 0 | DR4: =IFERROR(ROUNDUP(+I4/$BL4,0),0) -> 0 | DS4: =IFERROR(ROUNDUP(J4/BO4,0),0) -> 0 | DT4: =IFERROR(ROUNDUP(+K4/BR4,0),0) -> 0 | DU4: =IFERROR(ROUNDUP(+N4/BU4,0),0) -> 0 | DV4: =IFERROR(ROUNDUP(+R4/BX4,0),0) -> 0 | DW4: =IFERROR(ROUNDUP(+V4/CA4,0),0) -> 20 | DX4: =IFERROR(ROUNDUP(+Y4/CD4,0),0) -> 14 | DY4: =IFERROR(ROUNDUP(+AE4/CG4,0),0) -> 12 | DZ4: =IFERROR(ROUNDUP(+AF4/CJ4,0),0) -> 13 | EA4: =IFERROR(ROUNDUP(+AG4/CM4,0),0) -> 10 | EB4: =IFERROR(ROUNDUP(+AH4/CP4,0),0) -> 4 | EC4: =IFERROR(ROUNDUP(+AI4/CS4,0),0) -> 8 | ED4: =IFERROR(ROUNDUP(+AJ4/CV4,0),0) -> 3 | EE4: =IFERROR(ROUNDUP(+AK4/CY4,0),0) -> 8 | EF4: =IFERROR(ROUNDUP(+AL4/DB4,0),0) -> 7 | EG4: =IFERROR(ROUNDUP(+AM4/DE4,0),0) -> 8 | EH4: =IFERROR(ROUNDUP(+AN4/DH4,0),0) -> 4 | EJ4: =$AR4*DK4 -> 0 | EK4: =$AU4*DL4 -> 0 | EL4: =$AX4*DM4 -> 0 | EM4: =$BA4*DN4 -> 0 | EN4: =$BD4*DO4 -> 0 | EO4: =$BG4*DP4 -> 0 | EP4: =BJ4*DQ4 -> 0 | EQ4: =+BM4*DR4 -> 0 | ER4: =BP4*DS4 -> 0 | ES4: =+BS4*DT4 -> 0 | ET4: =+BV4*DU4 -> 0 | EU4: =+BY4*DV4 -> 0 | EV4: =+CB4*DW4 -> 80 | EW4: =+CE4*DX4 -> 56 | EX4: =+CH4*DY4 -> 48 | EY4: =+CK4*DZ4 -> 52 | EZ4: =+CN4*EA4 -> 40 | FA4: =+CQ4*EB4 -> 16 | FB4: =+CT4*EC4 -> 32 | FC4: =+CW4*ED4 -> 12 | FD4: =+CZ4*EE4 -> 32 | FE4: =+DC4*EF4 -> 28 | FF4: =+DF4*EG4 -> 32 | FG4: =+DI4*EH4 -> 16 | FO4: =+A4&BQ4 -> MRE Base | FP4: =+A4&BT4 -> MRE Base | FQ4: =+A4&BW4 -> MRE Base | FR4: MRE Base Total
A5: MRE Base | B5: =+B4 -> 2001734 | C5: =+C4 -> 1659825 | D5: =+D4 -> 1876069 | E5: =+E4 -> 1866232 | F5: =+F4-F6-F7 -> 1962049 | G5: =+G4-G6-G7 -> 1703275 | H5: =+H4-H6-H7 -> 2003278 | I5: =+I4-I6-I7 -> 845959 | J5: =+J4-J6-J7 -> 1225444 | K5: =+K4-K6-K7 -> 1665495 | L5: 1359207 | M5: =-'[1]RNC by SKU'!$U$77+20000 -> 20000 | N5: 1585000 | O5: =L5-N5 -> -225793 | Q5: =R5 -> 1261000 | R5: 1261000 | S5: 1251687 | T5: =+R5-Q5 -> 0 | U5: 1915000 | V5: 2020000 | W5: =W4 -> 1369806.2 | X5: 1827130 | Y5: 0 | AB5: 0 | AP5: Y3NS | AQ5: 105000 | AR5: 4 | AS5: Y3NS | AT5: 95000 | AU5: 3 | AV5: Y3NS | AW5: 88000 | AX5: 4 | AY5: Y3NS | AZ5: =+E5/21 -> 88868.19 | BA5: 4 | BB5: Y3NS | BC5: 100000 | BD5: 4 | BE5: Y3NS | BF5: =+G5/18 -> 94626.389 | BG5: 4 | BH5: Y3NS | BI5: =+H5/22 -> 91058.091 | BJ5: 4 | BK5: Y3NS | BL5: =+I5/13 -> 65073.769 | BM5: 4 | BN5: Y3NS | BO5: =+J5/14 -> 87531.714 | BP5: 4 | BQ5: Y3NS | BR5: =+N5/8 -> 198125 | BS5: 4 | BT5: Y3NS | BU5: =+R5/20 -> 63050 | BV5: 4 | BW5: Y3NS | BX5: 105000 | BY5: 4 | DK5: 22 | DL5: =IFERROR(ROUNDUP(+C5/$AT5,0),0) -> 18 | DM5: =IFERROR(ROUNDUP(+D5/$AW5,0),0) -> 22 | DN5: 20 | DO5: =IFERROR(ROUNDUP(+F5/$BC5,0),0) -> 20 | DP5: =IFERROR(ROUNDUP(+G5/$BF5,0),0) -> 18 | DQ5: =IFERROR(ROUNDUP(+$H5/$BI5,0),0) -> 22 | DR5: =IFERROR(ROUNDUP(+I5/$BL5,0),0) -> 13 | DS5: =IFERROR(ROUNDUP(J5/BO5,0),0) -> 14 | DT5: =IFERROR(ROUNDUP(+K5/BR5,0),0)-9 -> 0 | DU5: 15 | DV5: 14 | DW5: =IFERROR(ROUNDUP(+U5/CA5,0),0) -> 0 | DX5: =IFERROR(ROUNDUP(+Y5/CD5,0),0) -> 0 | DY5: =IFERROR(ROUNDUP(+AE5/CG5,0),0) -> 0 | DZ5: =IFERROR(ROUNDUP(+AF5/CJ5,0),0) -> 0 | EA5: =IFERROR(ROUNDUP(+AG5/CM5,0),0) -> 0 | EB5: =IFERROR(ROUNDUP(+AH5/CP5,0),0) -> 0 | EC5: =IFERROR(ROUNDUP(+AI5/CS5,0),0) -> 0 | ED5: =IFERROR(ROUNDUP(+AJ5/CV5,0),0) -> 0 | EE5: =IFERROR(ROUNDUP(+AK5/CY5,0),0) -> 0 | EF5: =IFERROR(ROUNDUP(+AL5/DB5,0),0) -> 0 | EG5: =IFERROR(ROUNDUP(+AM5/DE5,0),0) -> 0 | EH5: =IFERROR(ROUNDUP(+AN5/DH5,0),0) -> 0 | EJ5: =$AR5*DK5 -> 88 | EK5: =$AU5*DL5 -> 54 | EL5: =$AX5*DM5 -> 88 | EM5: =$BA5*DN5 -> 80 | EN5: =$BD5*DO5 -> 80 | EO5: =$BG5*DP5 -> 72 | EP5: =BJ5*DQ5 -> 88 | EQ5: =+BM5*DR5 -> 52 | ER5: =BP5*DS5 -> 56 | ES5: =+BS5*DT5 -> 0 | ET5: =+BV5*DU5 -> 60 | EU5: =+BY5*DV5 -> 56 | EV5: =+CB5*DW5 -> 0 | EW5: =+CE5*DX5 -> 0 | EX5: =+CH5*DY5 -> 0 | EY5: =+CK5*DZ5 -> 0 | EZ5: =+CN5*EA5 -> 0 | FA5: =+CQ5*EB5 -> 0 | FB5: =+CT5*EC5 -> 0 | FC5: =+CW5*ED5 -> 0 | FD5: =+CZ5*EE5 -> 0 | FE5: =+DC5*EF5 -> 0 | FF5: =+DF5*EG5 -> 0 | FG5: =+DI5*EH5 -> 0 | FO5: =+A5&BQ5 -> MRE BaseY3NS | FP5: =+A5&BT5 -> MRE BaseY3NS | FQ5: =+A5&BW5 -> MRE BaseY3NS | FR5: MRE Base Total
A6: MRE Base | F6: 296927 | N6: 0 | O6: =+N6-M6 -> 0 | R6: =SUMIF(Schedule!$R:$R,$FQ6,Schedule!Q:Q) -> 0 | Y6: 0 | AB6: 0 | BB6: Y4S/Y5 | BC6: 75000 | BD6: 3 | BE6: Y4S/Y5 | BF6: 75000 | BG6: 3 | BH6: Y4S/Y5 | BI6: 75000 | BJ6: 3 | BK6: Y4S/Y5 | BL6: 75000 | BM6: 3 | BN6: Y4S/Y5 | BO6: 75000 | BP6: 3 | BQ6: Y4S/Y5 | BR6: 75000 | BS6: 3 | BT6: Y4S/Y5 | BU6: 75000 | BV6: 3 | BZ6: =+BW6 -> 0 | CA6: =+BX6 -> 0 | CB6: =+BY6 -> 0 | CC6: =+BZ6 -> 0 | CD6: =+CA6 -> 0 | CE6: =+CB6 -> 0 | CF6: =+CC6 -> 0 | CG6: =+CD6 -> 0 | ... DI6: =+DF6 -> 0 | DK6: =IFERROR(ROUNDUP(+B6/$AQ6,0),0) -> 0 | DL6: =IFERROR(ROUNDUP(+C6/$AT6,0),0) -> 0 | DM6: =IFERROR(ROUNDUP(+D6/$AW6,0),0) -> 0 | DN6: =IFERROR(ROUNDUP(+E6/$AZ6,0),0) -> 0 | DO6: =IFERROR(ROUNDUP(+F6/$BC6,0),0) -> 4 | DP6: =IFERROR(ROUNDUP(+G6/$BF6,0),0) -> 0 | DQ6: =IFERROR(ROUNDUP(+$H6/$BI6,0),0) -> 0 | DR6: =IFERROR(ROUNDUP(+I6/$BL6,0),0) -> 0 | DS6: =IFERROR(ROUNDUP(J6/BO6,0),0) -> 0 | DT6: =IFERROR(ROUNDUP(+K6/BR6,0),0) -> 0 | DU6: =IFERROR(ROUNDUP(+N6/BU6,0),0) -> 0 | DV6: =IFERROR(ROUNDUP(+R6/BX6,0),0) -> 0 | DW6: =IFERROR(ROUNDUP(+U6/CA6,0),0) -> 0 | DX6: =IFERROR(ROUNDUP(+Y6/CD6,0),0) -> 0 | DY6: =IFERROR(ROUNDUP(+AE6/CG6,0),0) -> 0 | DZ6: =IFERROR(ROUNDUP(+AF6/CJ6,0),0) -> 0 | EA6: =IFERROR(ROUNDUP(+AG6/CM6,0),0) -> 0 | EB6: =IFERROR(ROUNDUP(+AH6/CP6,0),0) -> 0 | EC6: =IFERROR(ROUNDUP(+AI6/CS6,0),0) -> 0 | ED6: =IFERROR(ROUNDUP(+AJ6/CV6,0),0) -> 0 | EE6: =IFERROR(ROUNDUP(+AK6/CY6,0),0) -> 0 | EF6: =IFERROR(ROUNDUP(+AL6/DB6,0),0) -> 0 | EG6: =IFERROR(ROUNDUP(+AM6/DE6,0),0) -> 0 | EH6: =IFERROR(ROUNDUP(+AN6/DH6,0),0) -> 0 | EJ6: =$AR6*DK6 -> 0 | EK6: =$AU6*DL6 -> 0 | EL6: =$AX6*DM6 -> 0 | EM6: =$BA6*DN6 -> 0 | EN6: =$BD6*DO6 -> 12 | EO6: =$BG6*DP6 -> 0 | EP6: =BJ6*DQ6 -> 0 | EQ6: =+BM6*DR6 -> 0 | ER6: =BP6*DS6 -> 0 | ES6: =+BS6*DT6 -> 0 | ET6: =+BV6*DU6 -> 0 | EU6: =+BY6*DV6 -> 0 | EV6: =+CB6*DW6 -> 0 | EW6: =+CE6*DX6 -> 0 | EX6: =+CH6*DY6 -> 0 | EY6: =+CK6*DZ6 -> 0 | EZ6: =+CN6*EA6 -> 0 | FA6: =+CQ6*EB6 -> 0 | FB6: =+CT6*EC6 -> 0 | FC6: =+CW6*ED6 -> 0 | FD6: =+CZ6*EE6 -> 0 | FE6: =+DC6*EF6 -> 0 | FF6: =+DF6*EG6 -> 0 | FG6: =+DI6*EH6 -> 0 | FO6: =+A6&BQ6 -> MRE BaseY4S/Y5 | FP6: =+A6&BT6 -> MRE BaseY4S/Y5 | FQ6: =+A6&BW6 -> MRE Base | FR6: MRE Base Total
A7: MRE Base | F7: 275603 | G7: 903018 | H7: 500964 | K7: 896 | M7: 600 | N7: 0 | O7: =L7-N7 -> 0 | R7: =SUMIF(Schedule!$R:$R,$FQ7,Schedule!Q:Q) -> 0 | Y7: 0 | AB7: 0 | BB7: Y4N | BC7: 45000 | BD7: 3 | BE7: Y4N | BF7: =+G7/22 -> 41046.273 | BG7: 3 | BH7: Y4N | BI7: =+H7/11 -> 45542.182 | BJ7: 3 | BK7: Y4N | BL7: 50000 | BM7: 3 | BN7: Y4N | BO7: 50000 | BP7: 3 | BQ7: Y4N | BR7: 50000 | BS7: 3 | BT7: Y4N | BU7: 50000 | BV7: 3 | BZ7: =+BW7 -> 0 | CA7: =+BX7 -> 0 | CB7: =+BY7 -> 0 | CC7: =+BZ7 -> 0 | CD7: =+CA7 -> 0 | CE7: =+CB7 -> 0 | CF7: =+CC7 -> 0 | CG7: =+CD7 -> 0 | ... DI7: =+DF7 -> 0 | DK7: =IFERROR(ROUNDUP(+B7/$AQ7,0),0) -> 0 | DL7: =IFERROR(ROUNDUP(+C7/$AT7,0),0) -> 0 | DM7: =IFERROR(ROUNDUP(+D7/$AW7,0),0) -> 0 | DN7: =IFERROR(ROUNDUP(+E7/$AZ7,0),0) -> 0 | DO7: =IFERROR(ROUNDUP(+F7/$BC7,0),0) -> 7 | DP7: =IFERROR(ROUNDUP(+G7/$BF7,0),0) -> 22 | DQ7: =IFERROR(ROUNDUP(+$H7/$BI7,0),0) -> 11 | DR7: =IFERROR(ROUNDUP(+I7/$BL7,0),0) -> 0 | DS7: =IFERROR(ROUNDUP(J7/BO7,0),0) -> 0 | DT7: =IFERROR(ROUNDUP(+K7/BR7,0),0) -> 1 | DU7: =IFERROR(ROUNDUP(+N7/BU7,0),0) -> 0 | DV7: =IFERROR(ROUNDUP(+R7/BX7,0),0) -> 0 | DW7: =IFERROR(ROUNDUP(+U7/CA7,0),0) -> 0 | DX7: =IFERROR(ROUNDUP(+Y7/CD7,0),0) -> 0 | DY7: =IFERROR(ROUNDUP(+AE7/CG7,0),0) -> 0 | DZ7: =IFERROR(ROUNDUP(+AF7/CJ7,0),0) -> 0 | EA7: =IFERROR(ROUNDUP(+AG7/CM7,0),0) -> 0 | EB7: =IFERROR(ROUNDUP(+AH7/CP7,0),0) -> 0 | EC7: =IFERROR(ROUNDUP(+AI7/CS7,0),0) -> 0 | ED7: =IFERROR(ROUNDUP(+AJ7/CV7,0),0) -> 0 | EE7: =IFERROR(ROUNDUP(+AK7/CY7,0),0) -> 0 | EF7: =IFERROR(ROUNDUP(+AL7/DB7,0),0) -> 0 | EG7: =IFERROR(ROUNDUP(+AM7/DE7,0),0) -> 0 | EH7: =IFERROR(ROUNDUP(+AN7/DH7,0),0) -> 0 | EJ7: =$AR7*DK7 -> 0 | EK7: =$AU7*DL7 -> 0 | EL7: =$AX7*DM7 -> 0 | EM7: =$BA7*DN7 -> 0 | EN7: =$BD7*DO7 -> 21 | EO7: =$BG7*DP7 -> 66 | EP7: =BJ7*DQ7 -> 33 | EQ7: =+BM7*DR7 -> 0 | ER7: =BP7*DS7 -> 0 | ES7: =+BS7*DT7 -> 3 | ET7: =+BV7*DU7 -> 0 | EU7: =+BY7*DV7 -> 0 | EV7: =+CB7*DW7 -> 0 | EW7: =+CE7*DX7 -> 0 | EX7: =+CH7*DY7 -> 0 | EY7: =+CK7*DZ7 -> 0 | EZ7: =+CN7*EA7 -> 0 | FA7: =+CQ7*EB7 -> 0 | FB7: =+CT7*EC7 -> 0 | FC7: =+CW7*ED7 -> 0 | FD7: =+CZ7*EE7 -> 0 | FE7: =+DC7*EF7 -> 0 | FF7: =+DF7*EG7 -> 0 | FG7: =+DI7*EH7 -> 0 | FO7: =+A7&BQ7 -> MRE BaseY4N | FP7: =+A7&BT7 -> MRE BaseY4N | FQ7: =+A7&BW7 -> MRE Base | FR7: MRE Base Total
A8: MRE Placeable | B8: =SUMIF(Prophix!$Q:$Q,'Fds Units'!$A8,Prophix!D:D) -> 127554 | C8: =SUMIF(Prophix!$Q:$Q,'Fds Units'!$A8,Prophix!E:E) -> 85061 | D8: =SUMIF(Prophix!$Q:$Q,'Fds Units'!$A8,Prophix!F:F) -> 138202 | E8: =SUMIF(Prophix!$Q:$Q,'Fds Units'!$A8,Prophix!G:G) -> 208528 | F8: =SUMIF(Prophix!$Q:$Q,'Fds Units'!$A8,Prophix!H:H) -> 207735 | G8: =SUMIF(Prophix!$Q:$Q,'Fds Units'!$A8,Prophix!I:I) -> 228150 | H8: =SUMIF(Prophix!$Q:$Q,'Fds Units'!$A8,Prophix!J:J) -> 219156 | I8: =SUMIF(Prophix!$Q:$Q,'Fds Units'!$A8,Prophix!K:K) -> 141173 | J8: =SUMIF(Prophix!$Q:$Q,'Fds Units'!$A8,Prophix!L:L) -> 142731 | K8: =SUMIF(Prophix!$Q:$Q,'Fds Units'!$A8,Prophix!M:M) -> 24055 | M8: 500 | N8: 0 | O8: =L8-N8 -> 0 | Q8: =+P8 -> 0 | R8: =SUMIF(Schedule!$R:$R,$FQ8,Schedule!Q:Q) -> 0 | T8: =+R8-Q8 -> 0 | U8: 0 | W8: 0 | X8: =+W8-U8 -> 0 | Y8: 0 | AB8: =AA8-Z8 -> 0 | AC8: 0 | AD8: 0 | AE8: 0 | AP8: V3 | AQ8: 50000 | AR8: 2 | AS8: V3 | AT8: 35000 | AU8: 2 | AV8: V3 | AW8: 45000 | AX8: 2 | AY8: V3 | AZ8: 45000 | BA8: 2 | BB8: V3 | BC8: 47000 | BD8: 2 | BE8: V3 | BF8: =+G8/5 -> 45630 | BG8: 2 | BH8: V3 | BI8: =+H8/6 -> 36526 | BJ8: 2 | BK8: V3 | BL8: 52500 | BM8: 2 | BN8: V3 | BO8: 52500 | BP8: 2 | BQ8: V3 | BR8: 52500 | BS8: 2 | BT8: V3 | BU8: 5500 | BV8: 2 | BW8: V3 | BX8: 50000 | BY8: 2 | BZ8: =+BW8 -> V3 | CA8: 0 | CB8: =+BY8 -> 2 | CC8: =+BZ8 -> V3 | CD8: =+CA8 -> 0 | CE8: =+CB8 -> 2 | CF8: =+CC8 -> V3 | CG8: =+CD8 -> 0 | CH8: =+CE8 -> 2 | CI8: =+CF8 -> V3 | ... DI8: =+DF8 -> 2 | DK8: =IFERROR(ROUNDUP(+B8/$AQ8,0),0) -> 3 | DL8: =IFERROR(ROUNDUP(+C8/$AT8,0),0) -> 3 | DM8: =IFERROR(ROUNDUP(+D8/$AW8,0),0) -> 4 | DN8: =IFERROR(ROUNDUP(+E8/$AZ8,0),0) -> 5 | DO8: =IFERROR(ROUNDUP(+F8/$BC8,0),0) -> 5 | DP8: =IFERROR(ROUNDUP(+G8/$BF8,0),0) -> 5 | DQ8: =IFERROR(ROUNDUP(+$H8/$BI8,0),0) -> 6 | DR8: =IFERROR(ROUNDUP(+I8/$BL8,0),0) -> 3 | DS8: =IFERROR(ROUNDUP(J8/BO8,0),0) -> 3 | DT8: =IFERROR(ROUNDUP(+K8/BR8,0),0) -> 1 | DU8: =IFERROR(ROUNDUP(+N8/BU8,0),0) -> 0 | DV8: =IFERROR(ROUNDUP(+R8/BX8,0),0) -> 0 | DW8: =IFERROR(ROUNDUP(+V8/CA8,0),0) -> 0 | DX8: =IFERROR(ROUNDUP(+Y8/CD8,0),0) -> 0 | DY8: =IFERROR(ROUNDUP(+AE8/CG8,0),0) -> 0 | DZ8: =IFERROR(ROUNDUP(+AF8/CJ8,0),0) -> 0 | EA8: =IFERROR(ROUNDUP(+AG8/CM8,0),0) -> 0 | EB8: =IFERROR(ROUNDUP(+AH8/CP8,0),0) -> 0 | EC8: =IFERROR(ROUNDUP(+AI8/CS8,0),0) -> 0 | ED8: =IFERROR(ROUNDUP(+AJ8/CV8,0),0) -> 0 | EE8: =IFERROR(ROUNDUP(+AK8/CY8,0),0) -> 0 | EF8: =IFERROR(ROUNDUP(+AL8/DB8,0),0) -> 0 | EG8: =IFERROR(ROUNDUP(+AM8/DE8,0),0) -> 0 | EH8: =IFERROR(ROUNDUP(+AN8/DH8,0),0) -> 0 | EJ8: =$AR8*DK8 -> 6 | EK8: =$AU8*DL8 -> 6 | EL8: =$AX8*DM8 -> 8 | EM8: =$BA8*DN8 -> 10 | EN8: =$BD8*DO8 -> 10 | EO8: =$BG8*DP8 -> 10 | EP8: =BJ8*DQ8 -> 12 | EQ8: =+BM8*DR8 -> 6 | ER8: =BP8*DS8 -> 6 | ES8: =+BS8*DT8 -> 2 | ET8: =+BV8*DU8 -> 0 | EU8: =+BY8*DV8 -> 0 | EV8: =+CB8*DW8 -> 0 | EW8: =+CE8*DX8 -> 0 | EX8: =+CH8*DY8 -> 0 | EY8: =+CK8*DZ8 -> 0 | EZ8: =+CN8*EA8 -> 0 | FA8: =+CQ8*EB8 -> 0 | FB8: =+CT8*EC8 -> 0 | FC8: =+CW8*ED8 -> 0 | FD8: =+CZ8*EE8 -> 0 | FE8: =+DC8*EF8 -> 0 | FF8: =+DF8*EG8 -> 0 | FG8: =+DI8*EH8 -> 0 | FO8: =+A8&BQ8 -> MRE PlaceableV3 | FP8: =+A8&BT8 -> MRE PlaceableV3 | FQ8: =+A8&BW8 -> MRE PlaceableV3 | FR8: MRE BaseV3
A9: RNC Fruit | B9: =SUMIF(Prophix!$Q:$Q,'Fds Units'!$A9,Prophix!D:D) -> 378535 | C9: =SUMIF(Prophix!$Q:$Q,'Fds Units'!$A9,Prophix!E:E) -> 691107 | D9: =SUMIF(Prophix!$Q:$Q,'Fds Units'!$A9,Prophix!F:F) -> 422723 | E9: =SUMIF(Prophix!$Q:$Q,'Fds Units'!$A9,Prophix!G:G) -> 626418 | F9: =SUMIF(Prophix!$Q:$Q,'Fds Units'!$A9,Prophix!H:H) -> 888962 | G9: =SUMIF(Prophix!$Q:$Q,'Fds Units'!$A9,Prophix!I:I) -> 1239340 | H9: =SUMIF(Prophix!$Q:$Q,'Fds Units'!$A9,Prophix!J:J) -> 351085 | I9: =SUMIF(Prophix!$Q:$Q,'Fds Units'!$A9,Prophix!K:K) -> 432200 | J9: =SUMIF(Prophix!$Q:$Q,'Fds Units'!$A9,Prophix!L:L) -> 95006 | K9: =SUMIF(Prophix!$Q:$Q,'Fds Units'!$A9,Prophix!M:M) -> 216003 | L9: 421730 | M9: =-'[1]RNC by SKU'!$U$81 -> 0 | N9: 420000 | O9: =L9-N9 -> 1730 | Q9: =R9 -> 945000 | R9: 945000 | S9: 707877 | T9: =S9-R9 -> -237123 | U9: 735000 | V9: 840000 | W9: 573096 | X9: 426202 | Y9: 1050000 | Z9: 938000 | AA9: 728636 | AB9: =AA9-Z9 -> -209364 | AC9: 630000 | AD9: 420000 | AE9: 420000 | AF9: 420000 | AG9: 420000 | AH9: 420000 | AI9: 105000 | AJ9: 420000 | AK9: 315000 | AL9: 210000 | AM9: 315000 | AN9: 0 | AP9: Y3NS | AQ9: 103000 | AR9: 4 | AS9: Y3NS | AT9: 105000 | AU9: 4 | AV9: Y3NS | AW9: 110000 | AX9: 4 | AY9: Y3NS | AZ9: 105000 | BA9: 4 | BB9: Y3NS | BC9: 115000 | BD9: 4 | BE9: Y3NS | BF9: =+G9/11 -> 112667.27 | BG9: 4 | BH9: Y3NS | BI9: =+H9/3 -> 117028.33 | BJ9: 4 | BK9: Y3NS | BL9: =+I9/4 -> 108050 | BM9: 4 | BN9: Y3NS | BO9: 105000 | BP9: 4 | BQ9: Y3NS | BR9: 105000 | BS9: 4 | BT9: Y3NS | BU9: 105000 | BV9: 4 | BW9: Y3NS | BX9: 105000 | BY9: 4 | BZ9: =+BW9 -> Y3NS | CA9: =+BX9 -> 105000 | CB9: =+BY9 -> 4 | CC9: =+BZ9 -> Y3NS | CD9: =+CA9 -> 105000 | CE9: =+CB9 -> 4 | CF9: =+CC9 -> Y3NS | CG9: =+CD9 -> 105000 | ... DI9: =+DF9 -> 4 | DK9: =IFERROR(ROUNDUP(+B9/$AQ9,0),0) -> 4 | DL9: =IFERROR(ROUNDUP(+C9/$AT9,0),0) -> 7 | DM9: =IFERROR(ROUNDUP(+D9/$AW9,0),0) -> 4 | DN9: =IFERROR(ROUNDUP(+E9/$AZ9,0),0) -> 6 | DO9: =IFERROR(ROUNDUP(+F9/$BC9,0),0) -> 8 | DP9: =IFERROR(ROUNDUP(+G9/$BF9,0),0) -> 11 | DQ9: =IFERROR(ROUNDUP(+$H9/$BI9,0),0) -> 3 | DR9: =IFERROR(ROUNDUP(+I9/$BL9,0),0) -> 4 | DS9: =IFERROR(ROUNDUP(J9/BO9,0),0) -> 1 | DT9: =IFERROR(ROUNDUP(+K9/BR9,0),0)-1 -> 2 | DU9: 4 | DV9: =IFERROR(ROUNDUP(+R9/BX9,0),0) -> 9 | DW9: =IFERROR(ROUNDUP(+V9/CA9,0),0) -> 8 | DX9: =IFERROR(ROUNDUP(+Y9/CD9,0),0) -> 10 | DY9: =IFERROR(ROUNDUP(+AE9/CG9,0),0) -> 4 | DZ9: =IFERROR(ROUNDUP(+AF9/CJ9,0),0) -> 4 | EA9: =IFERROR(ROUNDUP(+AG9/CM9,0),0) -> 4 | EB9: =IFERROR(ROUNDUP(+AH9/CP9,0),0) -> 4 | EC9: =IFERROR(ROUNDUP(+AI9/CS9,0),0) -> 1 | ED9: =IFERROR(ROUNDUP(+AJ9/CV9,0),0) -> 4 | EE9: =IFERROR(ROUNDUP(+AK9/CY9,0),0) -> 3 | EF9: =IFERROR(ROUNDUP(+AL9/DB9,0),0) -> 2 | EG9: =IFERROR(ROUNDUP(+AM9/DE9,0),0) -> 3 | EH9: =IFERROR(ROUNDUP(+AN9/DH9,0),0) -> 0 | EJ9: =$AR9*DK9 -> 16 | EK9: =$AU9*DL9 -> 28 | EL9: =$AX9*DM9 -> 16 | EM9: =$BA9*DN9 -> 24 | EN9: =$BD9*DO9 -> 32 | EO9: =$BG9*DP9 -> 44 | EP9: =BJ9*DQ9 -> 12 | EQ9: =+BM9*DR9 -> 16 | ER9: =BP9*DS9 -> 4 | ES9: =+BS9*DT9 -> 8 | ET9: =+BV9*DU9 -> 16 | EU9: =+BY9*DV9 -> 36 | EV9: =+CB9*DW9 -> 32 | EW9: =+CE9*DX9 -> 40 | EX9: =+CH9*DY9 -> 16 | EY9: =+CK9*DZ9 -> 16 | EZ9: =+CN9*EA9 -> 16 | FA9: =+CQ9*EB9 -> 16 | FB9: =+CT9*EC9 -> 4 | FC9: =+CW9*ED9 -> 16 | FD9: =+CZ9*EE9 -> 12 | FE9: =+DC9*EF9 -> 8 | FF9: =+DF9*EG9 -> 12 | FG9: =+DI9*EH9 -> 0 | FO9: =+A9&BQ9 -> RNC FruitY3NS | FP9: =+A9&BT9 -> RNC FruitY3NS | FQ9: =+A9&BW9 -> RNC FruitY3NS | FR9: RNC Fruit Total
A10: Emergency drinking water | B10: =SUMIF(Prophix!$Q:$Q,'Fds Units'!$A10,Prophix!D:D) -> 0 | C10: =SUMIF(Prophix!$Q:$Q,'Fds Units'!$A10,Prophix!E:E) -> 0 | D10: =SUMIF(Prophix!$Q:$Q,'Fds Units'!$A10,Prophix!F:F) -> 0 | E10: =SUMIF(Prophix!$Q:$Q,'Fds Units'!$A10,Prophix!G:G) -> 0 | F10: =SUMIF(Prophix!$Q:$Q,'Fds Units'!$A10,Prophix!H:H) -> 0 | G10: =SUMIF(Prophix!$Q:$Q,'Fds Units'!$A10,Prophix!I:I) -> 0 | H10: =SUMIF(Prophix!$Q:$Q,'Fds Units'!$A10,Prophix!J:J) -> 0 | I10: =SUMIF(Prophix!$Q:$Q,'Fds Units'!$A10,Prophix!K:K) -> 250818 | J10: =SUMIF(Prophix!$Q:$Q,'Fds Units'!$A10,Prophix!L:L) -> 0 | K10: =SUMIF(Prophix!$Q:$Q,'Fds Units'!$A10,Prophix!M:M) -> 0 | N10: =SUMIF(Schedule!$R:$R,$FP10,Schedule!P:P) -> 0 | O10: =+N10-M10 -> 0 | R10: =SUMIF(Schedule!$R:$R,$FQ10,Schedule!Q:Q) -> 0 | T10: =+R10-Q10 -> 0 | W10: 0 | X10: =+W10-U10 -> 0 | Y10: 0 | AB10: =AA10-Z10 -> 0 | AC10: 0 | AD10: 0 | AE10: 0 | AI10: 240000 | BH10: Y3NS | BI10: 105000 | BJ10: 4 | BK10: Y3NS | BL10: =+I10/3 -> 83606 | BM10: 4 | BN10: =+BK10 -> Y3NS | BO10: =+BL10 -> 83606 | BP10: =+BM10 -> 4 | BQ10: =+BN10 -> Y3NS | BR10: =+BO10 -> 83606 | BS10: =+BP10 -> 4 | BT10: =+BQ10 -> Y3NS | BU10: =+BR10 -> 83606 | ... BZ10: =+BW10 -> Y3NS | CA10: 115000 | CB10: =+BY10 -> 4 | CC10: =+BZ10 -> Y3NS | CD10: =+CA10 -> 115000 | CE10: =+CB10 -> 4 | CF10: =+CC10 -> Y3NS | CG10: =+CD10 -> 115000 | CH10: =+CE10 -> 4 | CI10: =+CF10 -> Y3NS | ... DI10: =+DF10 -> 4 | DK10: =IFERROR(ROUNDUP(+B10/$AQ10,0),0) -> 0 | DL10: =IFERROR(ROUNDUP(+C10/$AT10,0),0) -> 0 | DM10: =IFERROR(ROUNDUP(+D10/$AW10,0),0) -> 0 | DN10: =IFERROR(ROUNDUP(+E10/$AZ10,0),0) -> 0 | DO10: =IFERROR(ROUNDUP(+F10/$BC10,0),0) -> 0 | DP10: =IFERROR(ROUNDUP(+G10/$BF10,0),0) -> 0 | DQ10: =IFERROR(ROUNDUP(+$H10/$BI10,0),0) -> 0 | DR10: =IFERROR(ROUNDUP(+I10/$BL10,0),0) -> 3 | DS10: =IFERROR(ROUNDUP(J10/BO10,0),0) -> 0 | DT10: =IFERROR(ROUNDUP(+K10/BR10,0),0) -> 0 | DU10: =IFERROR(ROUNDUP(+N10/BU10,0),0) -> 0 | DV10: =IFERROR(ROUNDUP(+R10/BX10,0),0) -> 0 | DW10: =IFERROR(ROUNDUP(+V10/CA10,0),0) -> 0 | DX10: =IFERROR(ROUNDUP(+Y10/CD10,0),0) -> 0 | DY10: =IFERROR(ROUNDUP(+AE10/CG10,0),0) -> 0 | DZ10: =IFERROR(ROUNDUP(+AF10/CJ10,0),0) -> 0 | EA10: =IFERROR(ROUNDUP(+AG10/CM10,0),0) -> 0 | EB10: =IFERROR(ROUNDUP(+AH10/CP10,0),0) -> 0 | EC10: =IFERROR(ROUNDUP(+AI10/CS10,0),0) -> 3 | ED10: =IFERROR(ROUNDUP(+AJ10/CV10,0),0) -> 0 | EE10: =IFERROR(ROUNDUP(+AK10/CY10,0),0) -> 0 | EF10: =IFERROR(ROUNDUP(+AL10/DB10,0),0) -> 0 | EG10: =IFERROR(ROUNDUP(+AM10/DE10,0),0) -> 0 | EH10: =IFERROR(ROUNDUP(+AN10/DH10,0),0) -> 0 | EJ10: =$AR10*DK10 -> 0 | EK10: =$AU10*DL10 -> 0 | EL10: =$AX10*DM10 -> 0 | EM10: =$BA10*DN10 -> 0 | EN10: =$BD10*DO10 -> 0 | EO10: =$BG10*DP10 -> 0 | EP10: =BJ10*DQ10 -> 0 | EQ10: =+BM10*DR10 -> 12 | ER10: =BP10*DS10 -> 0 | ES10: =+BS10*DT10 -> 0 | ET10: =+BV10*DU10 -> 0 | EU10: =+BY10*DV10 -> 0 | EV10: =+CB10*DW10 -> 0 | EW10: =+CE10*DX10 -> 0 | EX10: =+CH10*DY10 -> 0 | EY10: =+CK10*DZ10 -> 0 | EZ10: =+CN10*EA10 -> 0 | FA10: =+CQ10*EB10 -> 0 | FB10: =+CT10*EC10 -> 12 | FC10: =+CW10*ED10 -> 0 | FD10: =+CZ10*EE10 -> 0 | FE10: =+DC10*EF10 -> 0 | FF10: =+DF10*EG10 -> 0 | FG10: =+DI10*EH10 -> 0 | FO10: =+A10&BQ10 -> Emergency drinking waterY3NS | FP10: =+A10&BT10 -> Emergency drinking waterY3NS | FQ10: =+A10&BW10 -> Emergency drinking waterY3NS | FR10: Emergency drinking waterY3NS
A11: Poly Trays | B11: =SUMIF(Prophix!$Q:$Q,'Fds Units'!$A11,Prophix!D:D) -> 16536 | C11: =SUMIF(Prophix!$Q:$Q,'Fds Units'!$A11,Prophix!E:E) -> 47824 | D11: =SUMIF(Prophix!$Q:$Q,'Fds Units'!$A11,Prophix!F:F) -> 0 | E11: =SUMIF(Prophix!$Q:$Q,'Fds Units'!$A11,Prophix!G:G) -> 25798 | F11: =SUMIF(Prophix!$Q:$Q,'Fds Units'!$A11,Prophix!H:H) -> 46054 | G11: =SUMIF(Prophix!$Q:$Q,'Fds Units'!$A11,Prophix!I:I) -> 0 | H11: =SUMIF(Prophix!$Q:$Q,'Fds Units'!$A11,Prophix!J:J) -> 754 | I11: =SUMIF(Prophix!$Q:$Q,'Fds Units'!$A11,Prophix!K:K) -> 18378 | J11: =SUMIF(Prophix!$Q:$Q,'Fds Units'!$A11,Prophix!L:L) -> 38231 | K11: =SUMIF(Prophix!$Q:$Q,'Fds Units'!$A11,Prophix!M:M) -> 0 | L11: 24248 | M11: =+N11 -> 40500 | N11: 40500 | O11: =L11-N11 -> -16252 | Q11: =+R11 -> 22800 | R11: 22800 | S11: 19809 | T11: =S11-R11 -> -2991 | V11: 22200 | X11: 20793 | Y11: 54600 | Z11: 52300 | AA11: 50251 | AB11: =AA11-Z11 -> -2049 | AC11: 2375 | AD11: 3180 | AE11: 3180 | AF11: 25000 | AI11: 18333 | AJ11: 18333 | AK11: 18333 | AL11: 18333 | AM11: 18333 | AN11: 18333 | AP11: PT3 | AQ11: 3000 | AR11: 6 | AS11: PT3 | AT11: 4500 | AU11: 6 | AV11: PT3 | AW11: 5000 | AX11: 6 | AY11: PT3 | AZ11: 5000 | BA11: 6 | BB11: PT3 | BC11: 4100 | BD11: 6 | BE11: PT3 | BF11: 5000 | BG11: 6 | BH11: PT3 | BI11: 5000 | BJ11: 6 | BK11: PT3 | BL11: =+I11/6 -> 3063 | BM11: 6 | BN11: PT3 | BO11: 5000 | BP11: 6 | BQ11: PT3 | BR11: 5000 | BS11: 6 | BT11: PT3 | BU11: 5300 | BV11: 6 | BW11: PT3 | BX11: 5300 | BY11: 6 | BZ11: =+BW11 -> PT3 | CA11: =+BX11 -> 5300 | CB11: =+BY11 -> 6 | CC11: =+BZ11 -> PT3 | CD11: =+CA11 -> 5300 | CE11: =+CB11 -> 6 | CF11: =+CC11 -> PT3 | CG11: =+CD11 -> 5300 | ... DI11: =+DF11 -> 6 | DK11: =IFERROR(ROUNDUP(+B11/$AQ11,0),0) -> 6 | DL11: =IFERROR(ROUNDUP(+C11/$AT11,0),0) -> 11 | DM11: =IFERROR(ROUNDUP(+D11/$AW11,0),0) -> 0 | DN11: =IFERROR(ROUNDUP(+E11/$AZ11,0),0) -> 6 | DO11: =IFERROR(ROUNDUP(+F11/$BC11,0),0) -> 12 | DP11: =IFERROR(ROUNDUP(+G11/$BF11,0),0) -> 0 | DQ11: =IFERROR(ROUNDUP(+$H11/$BI11,0),0) -> 1 | DR11: =IFERROR(ROUNDUP(+I11/$BL11,0),0) -> 6 | DS11: =IFERROR(ROUNDUP(J11/BO11,0),0) -> 8 | DT11: =IFERROR(ROUNDUP(+K11/BR11,0),0) -> 0 | DU11: =IFERROR(ROUNDUP(+N11/BU11,0),0) -> 8 | DV11: =IFERROR(ROUNDUP(+R11/BX11,0),0) -> 5 | DW11: =IFERROR(ROUNDUP(+V11/CA11,0),0) -> 5 | DX11: =IFERROR(ROUNDUP(+Y11/CD11,0),0) -> 11 | DY11: =IFERROR(ROUNDUP(+AE11/CG11,0),0) -> 1 | DZ11: =IFERROR(ROUNDUP(+AF11/CJ11,0),0) -> 5 | EA11: =IFERROR(ROUNDUP(+AG11/CM11,0),0) -> 0 | EB11: =IFERROR(ROUNDUP(+AH11/CP11,0),0) -> 0 | EC11: =IFERROR(ROUNDUP(+AI11/CS11,0),0) -> 4 | ED11: =IFERROR(ROUNDUP(+AJ11/CV11,0),0) -> 4 | EE11: =IFERROR(ROUNDUP(+AK11/CY11,0),0) -> 4 | EF11: =IFERROR(ROUNDUP(+AL11/DB11,0),0) -> 4 | EG11: =IFERROR(ROUNDUP(+AM11/DE11,0),0) -> 4 | EH11: =IFERROR(ROUNDUP(+AN11/DH11,0),0) -> 4 | EJ11: =$AR11*DK11 -> 36 | EK11: =$AU11*DL11 -> 66 | EL11: =$AX11*DM11 -> 0 | EM11: =$BA11*DN11 -> 36 | EN11: =$BD11*DO11 -> 72 | EO11: =$BG11*DP11 -> 0 | EP11: =BJ11*DQ11 -> 6 | EQ11: =+BM11*DR11 -> 36 | ER11: =BP11*DS11 -> 48 | ES11: =+BS11*DT11 -> 0 | ET11: =+BV11*DU11 -> 48 | EU11: =+BY11*DV11 -> 30 | EV11: =+CB11*DW11 -> 30 | EW11: =+CE11*DX11 -> 66 | EX11: =+CH11*DY11 -> 6 | EY11: =+CK11*DZ11 -> 30 | EZ11: =+CN11*EA11 -> 0 | FA11: =+CQ11*EB11 -> 0 | FB11: =+CT11*EC11 -> 24 | FC11: =+CW11*ED11 -> 24 | FD11: =+CZ11*EE11 -> 24 | FE11: =+DC11*EF11 -> 24 | FF11: =+DF11*EG11 -> 24 | FG11: =+DI11*EH11 -> 24 | FO11: =+A11&BQ11 -> Poly TraysPT3 | FP11: =+A11&BT11 -> Poly TraysPT3 | FQ11: =+A11&BW11 -> Poly TraysPT3 | FR11: Poly Trays Total
A12: SDR | B12: =SUMIF(Prophix!$Q:$Q,'Fds Units'!$A12,Prophix!D:D) -> 0 | C12: =SUMIF(Prophix!$Q:$Q,'Fds Units'!$A12,Prophix!E:E) -> 0 | D12: =SUMIF(Prophix!$Q:$Q,'Fds Units'!$A12,Prophix!F:F) -> 0 | E12: =SUMIF(Prophix!$Q:$Q,'Fds Units'!$A12,Prophix!G:G) -> 96336 | F12: =SUMIF(Prophix!$Q:$Q,'Fds Units'!$A12,Prophix!H:H) -> 150984 | G12: =SUMIF(Prophix!$Q:$Q,'Fds Units'!$A12,Prophix!I:I) -> 0 | H12: =SUMIF(Prophix!$Q:$Q,'Fds Units'!$A12,Prophix!J:J) -> 0 | I12: =SUMIF(Prophix!$Q:$Q,'Fds Units'!$A12,Prophix!K:K) -> 112602 | J12: =SUMIF(Prophix!$Q:$Q,'Fds Units'!$A12,Prophix!L:L) -> 978150 | K12: =SUMIF(Prophix!$Q:$Q,'Fds Units'!$A12,Prophix!M:M) -> 637560 | N12: =SUMIF(Schedule!$R:$R,$FP12,Schedule!P:P) -> 0 | O12: =+N12-M12 -> 0 | R12: =SUMIF(Schedule!$R:$R,$FQ12,Schedule!Q:Q) -> 0 | T12: =+R12-Q12 -> 0 | X12: =+W12-U12 -> 0 | Y12: 0 | AB12: =Z12-AA12 -> 0 | AC12: 0 | AD12: 0 | AE12: 0 | AP12: W2 | AQ12: 175000 | AR12: 7 | AS12: W2 | AT12: 175000 | AU12: 7 | AV12: W2 | AW12: 175000 | AX12: 7 | AY12: Y4S/Y5 | AZ12: 100000 | BA12: 5 | BB12: W2 | BC12: 175000 | BD12: 7 | BE12: W2 | BF12: 175000 | BG12: 7 | BH12: W2 | BI12: 175000 | BJ12: 7 | BK12: W2 | BL12: =+I12/1 -> 112602 | BM12: 7 | BN12: =+BK12 -> W2 | BO12: =+J12/7 -> 139735.71 | BP12: =+BM12 -> 7 | BQ12: =+BN12 -> W2 | BR12: 175000 | BS12: =+BP12 -> 7 | BT12: =+BQ12 -> W2 | BU12: =+BR12 -> 175000 | BV12: =+BS12 -> 7 | BW12: =+BT12 -> W2 | BX12: =+BU12 -> 175000 | BY12: =+BV12 -> 7 | BZ12: =+BW12 -> W2 | ... CO12: =+CL12 -> W2 | CP12: =CM12 -> 175000 | CQ12: =+CN12 -> 7 | CR12: =+CO12 -> W2 | CS12: =+CP12 -> 175000 | CT12: =+CQ12 -> 7 | CU12: =+CR12 -> W2 | CV12: =+CS12 -> 175000 | CW12: =+CT12 -> 7 | CX12: =+CU12 -> W2 | ... DI12: =+DF12 -> 7 | DK12: =IFERROR(ROUNDUP(+B12/$AQ12,0),0) -> 0 | DL12: =IFERROR(ROUNDUP(+C12/$AT12,0),0) -> 0 | DM12: =IFERROR(ROUNDUP(+D12/$AW12,0),0) -> 0 | DN12: =IFERROR(ROUNDUP(+E12/$AZ12,0),0) -> 1 | DO12: =IFERROR(ROUNDUP(+F12/$BC12,0),0) -> 1 | DP12: =IFERROR(ROUNDUP(+G12/$BF12,0),0) -> 0 | DQ12: =IFERROR(ROUNDUP(+$H12/$BI12,0),0) -> 0 | DR12: =IFERROR(ROUNDUP(+I12/$BL12,0),0) -> 1 | DS12: =IFERROR(ROUNDUP(J12/BO12,0),0) -> 7 | DT12: =IFERROR(ROUNDUP(+K12/BR12,0),0) -> 4 | DU12: =IFERROR(ROUNDUP(+N12/BU12,0),0) -> 0 | DV12: =IFERROR(ROUNDUP(+R12/BX12,0),0) -> 0 | DW12: =IFERROR(ROUNDUP(+V12/CA12,0),0) -> 0 | DX12: =IFERROR(ROUNDUP(+Y12/CD12,0),0) -> 0 | DY12: =IFERROR(ROUNDUP(+AE12/CG12,0),0) -> 0 | DZ12: =IFERROR(ROUNDUP(+AF12/CJ12,0),0) -> 0 | EA12: =IFERROR(ROUNDUP(+AG12/CM12,0),0) -> 0 | EB12: =IFERROR(ROUNDUP(+AH12/CP12,0),0) -> 0 | EC12: =IFERROR(ROUNDUP(+AI12/CS12,0),0) -> 0 | ED12: =IFERROR(ROUNDUP(+AJ12/CV12,0),0) -> 0 | EE12: =IFERROR(ROUNDUP(+AK12/CY12,0),0) -> 0 | EF12: =IFERROR(ROUNDUP(+AL12/DB12,0),0) -> 0 | EG12: =IFERROR(ROUNDUP(+AM12/DE12,0),0) -> 0 | EH12: =IFERROR(ROUNDUP(+AN12/DH12,0),0) -> 0 | EJ12: =$AR12*DK12 -> 0 | EK12: =$AU12*DL12 -> 0 | EL12: =$AX12*DM12 -> 0 | EM12: =$BA12*DN12 -> 5 | EN12: =$BD12*DO12 -> 7 | EO12: =$BG12*DP12 -> 0 | EP12: =BJ12*DQ12 -> 0 | EQ12: =+BM12*DR12 -> 7 | ER12: =BP12*DS12 -> 49 | ES12: =+BS12*DT12 -> 28 | ET12: =+BV12*DU12 -> 0 | EU12: =+BY12*DV12 -> 0 | EV12: =+CB12*DW12 -> 0 | EW12: =+CE12*DX12 -> 0 | EX12: =+CH12*DY12 -> 0 | EY12: =+CK12*DZ12 -> 0 | EZ12: =+CN12*EA12 -> 0 | FA12: =+CQ12*EB12 -> 0 | FB12: =+CT12*EC12 -> 0 | FC12: =+CW12*ED12 -> 0 | FD12: =+CZ12*EE12 -> 0 | FE12: =+DC12*EF12 -> 0 | FF12: =+DF12*EG12 -> 0 | FG12: =+DI12*EH12 -> 0 | FO12: =+A12&BQ12 -> SDRW2 | FP12: =+A12&BT12 -> SDRW2 | FQ12: =+A12&BW12 -> SDRW2 | FR12: SDR Total
A13: aPack | B13: =SUMIF(Prophix!$Q:$Q,'Fds Units'!$A13,Prophix!D:D) -> 792739 | C13: =SUMIF(Prophix!$Q:$Q,'Fds Units'!$A13,Prophix!E:E) -> 187176 | D13: =SUMIF(Prophix!$Q:$Q,'Fds Units'!$A13,Prophix!F:F) -> 0 | E13: =SUMIF(Prophix!$Q:$Q,'Fds Units'!$A13,Prophix!G:G) -> 99504 | F13: =SUMIF(Prophix!$Q:$Q,'Fds Units'!$A13,Prophix!H:H) -> 525672 | G13: =SUMIF(Prophix!$Q:$Q,'Fds Units'!$A13,Prophix!I:I) -> 0 | H13: =SUMIF(Prophix!$Q:$Q,'Fds Units'!$A13,Prophix!J:J) -> 0 | I13: =SUMIF(Prophix!$Q:$Q,'Fds Units'!$A13,Prophix!K:K) -> 521814 | J13: =SUMIF(Prophix!$Q:$Q,'Fds Units'!$A13,Prophix!L:L) -> 391766 | K13: =SUMIF(Prophix!$Q:$Q,'Fds Units'!$A13,Prophix!M:M) -> 776682 | N13: =SUMIF(Schedule!$R:$R,$FP13,Schedule!P:P) -> 0 | O13: =+N13-M13 -> 0 | R13: =SUMIF(Schedule!$R:$R,$FQ13,Schedule!Q:Q) -> 0 | T13: =+R13-Q13 -> 0 | X13: =+W13-U13 -> 0 | Y13: 0 | AB13: 0 | AC13: 0 | AD13: 0 | AE13: 0 | AP13: W2 | AQ13: 184000 | AR13: 7 | AS13: Y4S/Y5 | AT13: 50000 | AU13: 4 | AV13: W2 | AW13: 175000 | AX13: 7 | AY13: Y4S/Y5 | AZ13: 100000 | BA13: 5 | BB13: W2 | BC13: 175000 | BD13: 7 | BE13: W2 | BF13: 175000 | BG13: 7 | BH13: W2 | BI13: 175000 | BJ13: 7 | BK13: W2 | BL13: =+I13/5 -> 104362.8 | BM13: 7 | BN13: =+BK13 -> W2 | BO13: 175000 | BP13: =+BM13 -> 7 | BQ13: =+BN13 -> W2 | BR13: 150000 | BS13: =+BP13 -> 7 | BT13: =+BQ13 -> W2 | BU13: =+BR13 -> 150000 | BV13: =+BS13 -> 7 | BW13: =+BT13 -> W2 | BX13: =+BU13 -> 150000 | BY13: =+BV13 -> 7 | BZ13: =+BW13 -> W2 | CA13: 175000 | CB13: =+BY13 -> 7 | CC13: =+BZ13 -> W2 | CD13: =+CA13 -> 175000 | CE13: =+CB13 -> 7 | CF13: =+CC13 -> W2 | CG13: =+CD13 -> 175000 | CH13: =+CE13 -> 7 | CI13: =+CF13 -> W2 | ... CO13: =+CL13 -> W2 | CP13: =CM13 -> 175000 | CQ13: =+CN13 -> 7 | CR13: =+CO13 -> W2 | CS13: =+CP13 -> 175000 | CT13: =+CQ13 -> 7 | CU13: =+CR13 -> W2 | CV13: =+CS13 -> 175000 | CW13: =+CT13 -> 7 | CX13: =+CU13 -> W2 | ... DI13: =+DF13 -> 7 | DK13: =IFERROR(ROUNDUP(+B13/$AQ13,0),0) -> 5 | DL13: =IFERROR(ROUNDUP(+C13/$AT13,0),0) -> 4 | DM13: =IFERROR(ROUNDUP(+D13/$AW13,0),0) -> 0 | DN13: =IFERROR(ROUNDUP(+E13/$AZ13,0),0) -> 1 | DO13: =IFERROR(ROUNDUP(+F13/$BC13,0),0) -> 4 | DP13: =IFERROR(ROUNDUP(+G13/$BF13,0),0) -> 0 | DQ13: =IFERROR(ROUNDUP(+$H13/$BI13,0),0) -> 0 | DR13: =IFERROR(ROUNDUP(+I13/$BL13,0),0) -> 5 | DS13: =IFERROR(ROUNDUP(J13/BO13,0),0) -> 3 | DT13: =IFERROR(ROUNDUP(+K13/BR13,0),0) -> 6 | DU13: =IFERROR(ROUNDUP(+N13/BU13,0),0) -> 0 | DV13: =IFERROR(ROUNDUP(+R13/BX13,0),0) -> 0 | DW13: =IFERROR(ROUNDUP(+V13/CA13,0),0) -> 0 | DX13: =IFERROR(ROUNDUP(+Y13/CD13,0),0) -> 0 | DY13: =IFERROR(ROUNDUP(+AE13/CG13,0),0) -> 0 | DZ13: =IFERROR(ROUNDUP(+AF13/CJ13,0),0) -> 0 | EA13: =IFERROR(ROUNDUP(+AG13/CM13,0),0) -> 0 | EB13: =IFERROR(ROUNDUP(+AH13/CP13,0),0) -> 0 | EC13: =IFERROR(ROUNDUP(+AI13/CS13,0),0) -> 0 | ED13: =IFERROR(ROUNDUP(+AJ13/CV13,0),0) -> 0 | EE13: =IFERROR(ROUNDUP(+AK13/CY13,0),0) -> 0 | EF13: =IFERROR(ROUNDUP(+AL13/DB13,0),0) -> 0 | EG13: =IFERROR(ROUNDUP(+AM13/DE13,0),0) -> 0 | EH13: =IFERROR(ROUNDUP(+AN13/DH13,0),0) -> 0 | EJ13: =$AR13*DK13 -> 35 | EK13: =$AU13*DL13 -> 16 | EL13: =$AX13*DM13 -> 0 | EM13: =$BA13*DN13 -> 5 | EN13: =$BD13*DO13 -> 28 | EO13: =$BG13*DP13 -> 0 | EP13: =BJ13*DQ13 -> 0 | EQ13: =+BM13*DR13 -> 35 | ER13: =BP13*DS13 -> 21 | ES13: =+BS13*DT13 -> 42 | ET13: =+BV13*DU13 -> 0 | EU13: =+BY13*DV13 -> 0 | EV13: =+CB13*DW13 -> 0 | EW13: =+CE13*DX13 -> 0 | EX13: =+CH13*DY13 -> 0 | EY13: =+CK13*DZ13 -> 0 | EZ13: =+CN13*EA13 -> 0 | FA13: =+CQ13*EB13 -> 0 | FB13: =+CT13*EC13 -> 0 | FC13: =+CW13*ED13 -> 0 | FD13: =+CZ13*EE13 -> 0 | FE13: =+DC13*EF13 -> 0 | FF13: =+DF13*EG13 -> 0 | FG13: =+DI13*EH13 -> 0 | FO13: =+A13&BQ13 -> aPackW2 | FP13: =+A13&BT13 -> aPackW2 | FQ13: =+A13&BW13 -> aPackW2 | FR13: APACK Total
A14: FLB Oatmeal | B14: =SUMIF(Prophix!$Q:$Q,'Fds Units'!$A14,Prophix!D:D) -> 0 | C14: =SUMIF(Prophix!$Q:$Q,'Fds Units'!$A14,Prophix!E:E) -> 0 | D14: =SUMIF(Prophix!$Q:$Q,'Fds Units'!$A14,Prophix!F:F) -> 0 | E14: =SUMIF(Prophix!$Q:$Q,'Fds Units'!$A14,Prophix!G:G) -> 0 | F14: =SUMIF(Prophix!$Q:$Q,'Fds Units'!$A14,Prophix!H:H) -> 31704 | G14: =SUMIF(Prophix!$Q:$Q,'Fds Units'!$A14,Prophix!I:I) -> 0 | H14: =SUMIF(Prophix!$Q:$Q,'Fds Units'!$A14,Prophix!J:J) -> 0 | I14: =SUMIF(Prophix!$Q:$Q,'Fds Units'!$A14,Prophix!K:K) -> 0 | J14: =SUMIF(Prophix!$Q:$Q,'Fds Units'!$A14,Prophix!L:L) -> 0 | K14: =SUMIF(Prophix!$Q:$Q,'Fds Units'!$A14,Prophix!M:M) -> 0 | N14: 49992 | O14: =+N14-M14 -> 49992 | Q14: =+R14 -> 0 | T14: =+R14-Q14 -> 0 | X14: =+W14-U14 -> 0 | Y14: 0 | AB14: 0 | AC14: 0 | AD14: 0 | AE14: 0 | AP14: Y1/L1 | AQ14: 110000 | AR14: 9 | AS14: Y1/L1 | AT14: 110000 | AU14: 9 | AV14: Y1/L1 | AW14: 110000 | AX14: 9 | AY14: Y1/L1 | AZ14: 110000 | BA14: 9 | BB14: Y1/L1 | BC14: 110000 | BD14: 9 | BE14: Y1/L1 | BF14: 110000 | BG14: 9 | BH14: Y1/L1 | BI14: 110000 | BJ14: 9 | BK14: Y1/L1 | BL14: 110000 | BM14: 9 | BN14: Y1/L1 | BO14: 110000 | BP14: 9 | BQ14: Y1/L1 | BR14: 110000 | BS14: 9 | BT14: Y4S/Y5 | BU14: 110000 | BV14: 9 | BW14: Y4S/Y5 | BX14: 110000 | BY14: 9 | BZ14: =+BW14 -> Y4S/Y5 | CA14: 50000 | CB14: =+BY14 -> 9 | CC14: =+BZ14 -> Y4S/Y5 | CD14: =+CA14 -> 50000 | CE14: =+CB14 -> 9 | CF14: =+CC14 -> Y4S/Y5 | CG14: =+CD14 -> 50000 | CH14: =+CE14 -> 9 | CI14: =+CF14 -> Y4S/Y5 | ... DI14: =+DF14 -> 9 | DK14: =IFERROR(ROUNDUP(+B14/$AQ14,0),0) -> 0 | DL14: =IFERROR(ROUNDUP(+C14/$AT14,0),0) -> 0 | DM14: =IFERROR(ROUNDUP(+D14/$AW14,0),0) -> 0 | DN14: =IFERROR(ROUNDUP(+E14/$AZ14,0),0) -> 0 | DO14: =IFERROR(ROUNDUP(+F14/$BC14,0),0) -> 1 | DP14: =IFERROR(ROUNDUP(+G14/$BF14,0),0) -> 0 | DQ14: =IFERROR(ROUNDUP(+$H14/$BI14,0),0) -> 0 | DR14: =IFERROR(ROUNDUP(+I14/$BL14,0),0) -> 0 | DS14: =IFERROR(ROUNDUP(J14/BO14,0),0) -> 0 | DT14: =IFERROR(ROUNDUP(+K14/BR14,0),0) -> 0 | DU14: =IFERROR(ROUNDUP(+N14/BU14,0),0) -> 1 | DV14: =IFERROR(ROUNDUP(+R14/BX14,0),0) -> 0 | DW14: =IFERROR(ROUNDUP(+V14/CA14,0),0) -> 0 | DX14: =IFERROR(ROUNDUP(+Y14/CD14,0),0) -> 0 | DY14: =IFERROR(ROUNDUP(+AE14/CG14,0),0) -> 0 | DZ14: =IFERROR(ROUNDUP(+AF14/CJ14,0),0) -> 0 | EA14: =IFERROR(ROUNDUP(+AG14/CM14,0),0) -> 0 | EB14: =IFERROR(ROUNDUP(+AH14/CP14,0),0) -> 0 | EC14: =IFERROR(ROUNDUP(+AI14/CS14,0),0) -> 0 | ED14: =IFERROR(ROUNDUP(+AJ14/CV14,0),0) -> 0 | EE14: =IFERROR(ROUNDUP(+AK14/CY14,0),0) -> 0 | EF14: =IFERROR(ROUNDUP(+AL14/DB14,0),0) -> 0 | EG14: =IFERROR(ROUNDUP(+AM14/DE14,0),0) -> 0 | EH14: =IFERROR(ROUNDUP(+AN14/DH14,0),0) -> 0 | EJ14: =$AR14*DK14 -> 0 | EK14: =$AU14*DL14 -> 0 | EL14: =$AX14*DM14 -> 0 | EM14: =$BA14*DN14 -> 0 | EN14: =$BD14*DO14 -> 9 | EO14: =$BG14*DP14 -> 0 | EP14: =BJ14*DQ14 -> 0 | EQ14: =+BM14*DR14 -> 0 | ER14: =BP14*DS14 -> 0 | ES14: =+BS14*DT14 -> 0 | ET14: =+BV14*DU14 -> 9 | EU14: =+BY14*DV14 -> 0 | EV14: =+CB14*DW14 -> 0 | EW14: =+CE14*DX14 -> 0 | EX14: =+CH14*DY14 -> 0 | EY14: =+CK14*DZ14 -> 0 | EZ14: =+CN14*EA14 -> 0 | FA14: =+CQ14*EB14 -> 0 | FB14: =+CT14*EC14 -> 0 | FC14: =+CW14*ED14 -> 0 | FD14: =+CZ14*EE14 -> 0 | FE14: =+DC14*EF14 -> 0 | FF14: =+DF14*EG14 -> 0 | FG14: =+DI14*EH14 -> 0 | FO14: =+A14&BQ14 -> FLB OatmealY1/L1 | FP14: =+A14&BT14 -> FLB OatmealY4S/Y5 | FQ14: =+A14&BW14 -> FLB OatmealY4S/Y5 | FR14: #N/A
A15: Rehydration Water Pouch | B15: =SUMIF(Prophix!$Q:$Q,'Fds Units'!$A15,Prophix!D:D) -> 0 | C15: =SUMIF(Prophix!$Q:$Q,'Fds Units'!$A15,Prophix!E:E) -> 0 | D15: =SUMIF(Prophix!$Q:$Q,'Fds Units'!$A15,Prophix!F:F) -> 0 | E15: =SUMIF(Prophix!$Q:$Q,'Fds Units'!$A15,Prophix!G:G) -> 0 | F15: =SUMIF(Prophix!$Q:$Q,'Fds Units'!$A15,Prophix!H:H) -> 0 | G15: =SUMIF(Prophix!$Q:$Q,'Fds Units'!$A15,Prophix!I:I) -> 0 | H15: =SUMIF(Prophix!$Q:$Q,'Fds Units'!$A15,Prophix!J:J) -> 0 | I15: =SUMIF(Prophix!$Q:$Q,'Fds Units'!$A15,Prophix!K:K) -> 0 | J15: =SUMIF(Prophix!$Q:$Q,'Fds Units'!$A15,Prophix!L:L) -> 0 | K15: =SUMIF(Prophix!$Q:$Q,'Fds Units'!$A15,Prophix!M:M) -> 0 | N15: =SUMIF(Schedule!$R:$R,$FP15,Schedule!P:P) -> 0 | O15: =+N15-M15 -> 0 | R15: =SUMIF(Schedule!$R:$R,$FQ15,Schedule!Q:Q) -> 0 | T15: =+R15-Q15 -> 0 | X15: =+W15-U15 -> 0 | Y15: 0 | AB15: 0 | AC15: 0 | AD15: 0 | AE15: 0 | BZ15: =+BW15 -> 0 | CA15: =+BX15 -> 0 | CB15: =+BY15 -> 0 | CC15: =+BZ15 -> 0 | CD15: =+CA15 -> 0 | CE15: =+CB15 -> 0 | CF15: =+CC15 -> 0 | CG15: =+CD15 -> 0 | ... DI15: =+DF15 -> 0 | DK15: =IFERROR(ROUNDUP(+B15/$AQ15,0),0) -> 0 | DL15: =IFERROR(ROUNDUP(+C15/$AT15,0),0) -> 0 | DM15: =IFERROR(ROUNDUP(+D15/$AW15,0),0) -> 0 | DN15: =IFERROR(ROUNDUP(+E15/$AZ15,0),0) -> 0 | DO15: =IFERROR(ROUNDUP(+F15/$BC15,0),0) -> 0 | DP15: =IFERROR(ROUNDUP(+G15/$BF15,0),0) -> 0 | DQ15: =IFERROR(ROUNDUP(+$H15/$BI15,0),0) -> 0 | DR15: =IFERROR(ROUNDUP(+I15/$BL15,0),0) -> 0 | DS15: =IFERROR(ROUNDUP(J15/BO15,0),0) -> 0 | DT15: =IFERROR(ROUNDUP(+K15/BR15,0),0) -> 0 | DU15: =IFERROR(ROUNDUP(+N15/BU15,0),0) -> 0 | DV15: =IFERROR(ROUNDUP(+R15/BX15,0),0) -> 0 | DW15: =IFERROR(ROUNDUP(+V15/CA15,0),0) -> 0 | DX15: =IFERROR(ROUNDUP(+Y15/CD15,0),0) -> 0 | DY15: =IFERROR(ROUNDUP(+AE15/CG15,0),0) -> 0 | DZ15: =IFERROR(ROUNDUP(+AF15/CJ15,0),0) -> 0 | EA15: =IFERROR(ROUNDUP(+AG15/CM15,0),0) -> 0 | EB15: =IFERROR(ROUNDUP(+AH15/CP15,0),0) -> 0 | EC15: =IFERROR(ROUNDUP(+AI15/CS15,0),0) -> 0 | ED15: =IFERROR(ROUNDUP(+AJ15/CV15,0),0) -> 0 | EE15: =IFERROR(ROUNDUP(+AK15/CY15,0),0) -> 0 | EF15: =IFERROR(ROUNDUP(+AL15/DB15,0),0) -> 0 | EG15: =IFERROR(ROUNDUP(+AM15/DE15,0),0) -> 0 | EH15: =IFERROR(ROUNDUP(+AN15/DH15,0),0) -> 0 | EJ15: =$AR15*DK15 -> 0 | EK15: =$AU15*DL15 -> 0 | EL15: =$AX15*DM15 -> 0 | EM15: =$BA15*DN15 -> 0 | EN15: =$BD15*DO15 -> 0 | EO15: =$BG15*DP15 -> 0 | EP15: =BJ15*DQ15 -> 0 | EQ15: =+BM15*DR15 -> 0 | ER15: =BP15*DS15 -> 0 | ES15: =+BS15*DT15 -> 0 | ET15: =+BV15*DU15 -> 0 | EU15: =+BY15*DV15 -> 0 | EV15: =+CB15*DW15 -> 0 | EW15: =+CE15*DX15 -> 0 | EX15: =+CH15*DY15 -> 0 | EY15: =+CK15*DZ15 -> 0 | EZ15: =+CN15*EA15 -> 0 | FA15: =+CQ15*EB15 -> 0 | FB15: =+CT15*EC15 -> 0 | FC15: =+CW15*ED15 -> 0 | FD15: =+CZ15*EE15 -> 0 | FE15: =+DC15*EF15 -> 0 | FF15: =+DF15*EG15 -> 0 | FG15: =+DI15*EH15 -> 0 | FO15: =+A15&BQ15 -> Rehydration Water Pouch | FP15: =+A15&BT15 -> Rehydration Water Pouch | FQ15: =+A15&BW15 -> Rehydration Water Pouch | FR15: 0
A16: Luxfer Heater Meals | B16: =SUMIF(Prophix!$Q:$Q,'Fds Units'!$A16,Prophix!D:D) -> 0 | C16: =SUMIF(Prophix!$Q:$Q,'Fds Units'!$A16,Prophix!E:E) -> 635920 | D16: =SUMIF(Prophix!$Q:$Q,'Fds Units'!$A16,Prophix!F:F) -> 0 | E16: =SUMIF(Prophix!$Q:$Q,'Fds Units'!$A16,Prophix!G:G) -> 0 | F16: =SUMIF(Prophix!$Q:$Q,'Fds Units'!$A16,Prophix!H:H) -> 0 | G16: =SUMIF(Prophix!$Q:$Q,'Fds Units'!$A16,Prophix!I:I) -> 465960 | H16: =SUMIF(Prophix!$Q:$Q,'Fds Units'!$A16,Prophix!J:J) -> 100064 | I16: =SUMIF(Prophix!$Q:$Q,'Fds Units'!$A16,Prophix!K:K) -> 0 | J16: =SUMIF(Prophix!$Q:$Q,'Fds Units'!$A16,Prophix!L:L) -> 0 | K16: =SUMIF(Prophix!$Q:$Q,'Fds Units'!$A16,Prophix!M:M) -> 0 | N16: =SUMIF(Schedule!$R:$R,$FP16,Schedule!P:P) -> 0 | O16: =+N16-M16 -> 0 | R16: =SUMIF(Schedule!$R:$R,$FQ16,Schedule!Q:Q) -> 0 | T16: =+R16-Q16 -> 0 | X16: =+W16-U16 -> 0 | Y16: 0 | AB16: 0 | AC16: 0 | AD16: 0 | AE16: 0 | AP16: Y4S/Y5 | AQ16: 90000 | AR16: 8 | AS16: Y4S/Y5 | AT16: 100000 | AU16: 8 | AV16: Y4S/Y5 | AW16: 90000 | AX16: 8 | AY16: Y4S/Y5 | AZ16: 90000 | BA16: 8 | BB16: Y4S/Y5 | BC16: 90000 | BD16: 8 | BE16: Y4S/Y5 | BF16: =+G16/5 -> 93192 | BG16: 8 | BH16: Y4S/Y5 | BI16: =+H16/1 -> 100064 | BJ16: 8 | BK16: Y4S/Y5 | BL16: 90000 | BM16: 8 | BN16: Y4S/Y5 | BO16: 90000 | BP16: 8 | BQ16: Y4S/Y5 | BR16: 90000 | BS16: 8 | BT16: Y4S/Y5 | BU16: 90000 | BV16: 8 | BW16: Y4S/Y5 | BX16: 90000 | BY16: 8 | BZ16: =+BW16 -> Y4S/Y5 | CA16: 100000 | CB16: 8 | CC16: =+BZ16 -> Y4S/Y5 | CD16: =+CA16 -> 100000 | CE16: =+CB16 -> 8 | CF16: =+CC16 -> Y4S/Y5 | CG16: =+CD16 -> 100000 | CH16: =+CE16 -> 8 | CI16: =+CF16 -> Y4S/Y5 | CJ16: =+CG16 -> 100000 | ... DI16: =+DF16 -> 8 | DK16: =IFERROR(ROUNDUP(+B16/$AQ16,0),0) -> 0 | DL16: =IFERROR(ROUNDUP(+C16/$AT16,0),0) -> 7 | DM16: =IFERROR(ROUNDUP(+D16/$AW16,0),0) -> 0 | DN16: =IFERROR(ROUNDUP(+E16/$AZ16,0),0) -> 0 | DO16: =IFERROR(ROUNDUP(+F16/$BC16,0),0) -> 0 | DP16: =IFERROR(ROUNDUP(+G16/$BF16,0),0) -> 5 | DQ16: =IFERROR(ROUNDUP(+$H16/$BI16,0),0) -> 1 | DR16: =IFERROR(ROUNDUP(+I16/$BL16,0),0) -> 0 | DS16: =IFERROR(ROUNDUP(J16/BO16,0),0) -> 0 | DT16: =IFERROR(ROUNDUP(+K16/BR16,0),0) -> 0 | DU16: =IFERROR(ROUNDUP(+N16/BU16,0),0) -> 0 | DV16: =IFERROR(ROUNDUP(+R16/BX16,0),0) -> 0 | DW16: =IFERROR(ROUNDUP(+V16/CA16,0),0) -> 0 | DX16: =IFERROR(ROUNDUP(+Y16/CD16,0),0) -> 0 | DY16: =IFERROR(ROUNDUP(+AE16/CG16,0),0) -> 0 | DZ16: =IFERROR(ROUNDUP(+AF16/CJ16,0),0) -> 0 | EA16: =IFERROR(ROUNDUP(+AG16/CM16,0),0) -> 0 | EB16: =IFERROR(ROUNDUP(+AH16/CP16,0),0) -> 0 | EC16: =IFERROR(ROUNDUP(+AI16/CS16,0),0) -> 0 | ED16: =IFERROR(ROUNDUP(+AJ16/CV16,0),0) -> 0 | EE16: =IFERROR(ROUNDUP(+AK16/CY16,0),0) -> 0 | EF16: =IFERROR(ROUNDUP(+AL16/DB16,0),0) -> 0 | EG16: =IFERROR(ROUNDUP(+AM16/DE16,0),0) -> 0 | EH16: =IFERROR(ROUNDUP(+AN16/DH16,0),0) -> 0 | EJ16: =$AR16*DK16 -> 0 | EK16: =$AU16*DL16 -> 56 | EL16: =$AX16*DM16 -> 0 | EM16: =$BA16*DN16 -> 0 | EN16: =$BD16*DO16 -> 0 | EO16: =$BG16*DP16 -> 40 | EP16: =BJ16*DQ16 -> 8 | EQ16: =+BM16*DR16 -> 0 | ER16: =BP16*DS16 -> 0 | ES16: =+BS16*DT16 -> 0 | ET16: =+BV16*DU16 -> 0 | EU16: =+BY16*DV16 -> 0 | EV16: =+CB16*DW16 -> 0 | EW16: =+CE16*DX16 -> 0 | EX16: =+CH16*DY16 -> 0 | EY16: =+CK16*DZ16 -> 0 | EZ16: =+CN16*EA16 -> 0 | FA16: =+CQ16*EB16 -> 0 | FB16: =+CT16*EC16 -> 0 | FC16: =+CW16*ED16 -> 0 | FD16: =+CZ16*EE16 -> 0 | FE16: =+DC16*EF16 -> 0 | FF16: =+DF16*EG16 -> 0 | FG16: =+DI16*EH16 -> 0 | FO16: =+A16&BQ16 -> Luxfer Heater MealsY4S/Y5 | FP16: =+A16&BT16 -> Luxfer Heater MealsY4S/Y5 | FQ16: =+A16&BW16 -> Luxfer Heater MealsY4S/Y5 | FR16: Luxfer Heater Meals Total
FO17: =+A17&BQ17 | FP17: =+A17&BT17 | FQ17: =+A17&BW17
A18: USDA | B18: =SUM(B19:B24) -> 1993608 | C18: =SUM(C19:C24) -> 1958364 | D18: =SUM(D19:D24) -> 2394792 | E18: =SUM(E19:E24) -> 809904 | F18: =SUM(F19:F24) -> 62856 | G18: =SUM(G19:G24) -> 1158108 | H18: =SUM(H19:H24) -> 0 | I18: =SUM(I19:I24) -> 0 | ... S18: =SUM(S19:S24) -> 40104 | T18: =S18-R18 -> 20904 | U18: =SUM(U19:U25) -> 1179948 | V18: =SUM(V19:V25) -> 1328772 | W18: =SUM(W19:W25) -> 948000 | X18: =SUM(X19:X24) -> 1002771 | Y18: =SUM(Y19:Y24) -> 568800 | Z18: =SUM(Z19:Z24) -> 1399200 | AA18: =SUM(AA19:AA24) -> 605400 | AB18: =SUM(AB19:AB25) -> -793800 | AC18: =SUM(AC19:AC24) -> 609996 | AD18: =SUM(AD19:AD24) -> 820800 | AE18: =SUM(AE19:AE24) -> 820800 | AF18: =SUM(AF19:AF24) -> 768000 | AG18: =SUM(AG19:AG24) -> 768000 | AH18: =SUM(AH19:AH24) -> 768000 | AI18: =SUM(AI19:AI24) -> 972000 | AJ18: =SUM(AJ19:AJ24) -> 972000 | ... AN18: =SUM(AN19:AN24) -> 1065600 | AO18: 0.5 | FO18: =+A18&BQ18 -> USDA | FP18: =+A18&BT18 -> USDA | FQ18: =+A18&BW18 -> USDA
A19: USDA Chicken | B19: =SUMIF(Prophix!$Q:$Q,'Fds Units'!$A19,Prophix!D:D) -> 1660464 | C19: =SUMIF(Prophix!$Q:$Q,'Fds Units'!$A19,Prophix!E:E) -> 1215612 | D19: =SUMIF(Prophix!$Q:$Q,'Fds Units'!$A19,Prophix!F:F) -> 1998936 | E19: =SUMIF(Prophix!$Q:$Q,'Fds Units'!$A19,Prophix!G:G) -> 196488 | F19: =SUMIF(Prophix!$Q:$Q,'Fds Units'!$A19,Prophix!H:H) -> 62856 | G19: =SUMIF(Prophix!$Q:$Q,'Fds Units'!$A19,Prophix!I:I) -> 0 | H19: =SUMIF(Prophix!$Q:$Q,'Fds Units'!$A19,Prophix!J:J) -> 0 | I19: =SUMIF(Prophix!$Q:$Q,'Fds Units'!$A19,Prophix!K:K) -> 0 | J19: =SUMIF(Prophix!$Q:$Q,'Fds Units'!$A19,Prophix!L:L) -> 0 | K19: =SUMIF(Prophix!$Q:$Q,'Fds Units'!$A19,Prophix!M:M) -> 0 | N19: =SUMIF(Schedule!$R:$R,$FP19,Schedule!P:P) -> 0 | O19: =L19-N19 -> 0 | T19: =S19-R19 -> 0 | W19: 288000 | X19: 0 | AB19: =AA19-Z19 -> 0 | AC19: 0 | AD19: 0 | AE19: 0 | AF19: 0 | AG19: 0 | AH19: 0 | AI19: =576000*$AO$18 -> 288000 | AJ19: =576000*$AO$18 -> 288000 | AK19: =576000*$AO$18 -> 288000 | AL19: =57600*13*$AO$18 -> 374400 | AM19: =57600*12*$AO$18 -> 345600 | AN19: =57600*12*$AO$18 -> 345600 | AP19: Y1/L1 | AQ19: 110000 | AR19: 9 | AS19: Y1/L1 | AT19: 115000 | AU19: 12 | AV19: Y1/L1 | AW19: 115000 | AX19: 9 | AY19: Y1/L1 | AZ19: 100000 | BA19: 9 | BB19: Y1/L1 | BC19: 63000 | BD19: 6 | BE19: Y4S/Y5 | BF19: 100000 | BG19: 9 | BH19: W2 | BI19: 153000 | BJ19: 9 | BK19: W2 | BL19: 153000 | BM19: 9 | BN19: W2 | BO19: 153000 | BP19: 9 | BQ19: W2 | BR19: 153000 | BS19: 9 | BT19: W2 | BU19: 153000 | BV19: 9 | BW19: W2 | BX19: 153000 | BY19: 9 | BZ19: =+BW19 -> W2 | CA19: =+BX19 -> 153000 | CB19: =+BY19 -> 9 | CC19: =+BZ19 -> W2 | CD19: =+CA19 -> 153000 | CE19: =+CB19 -> 9 | CF19: =+CC19 -> W2 | CG19: =+CD19 -> 153000 | ... CN19: =+CK19 -> 9 | CO19: W3 | CP19: =+CM19 -> 153000 | CQ19: =+CN19 -> 9 | CR19: =+CO19 -> W3 | CS19: =+CP19 -> 153000 | CT19: =+CQ19 -> 9 | CU19: =+CR19 -> W3 | CV19: =+CS19 -> 153000 | CW19: =+CT19 -> 9 | ... DI19: =+DF19 -> 9 | DK19: =IFERROR(ROUNDUP(+B19/$AQ19,0),0) -> 16 | DL19: =IFERROR(ROUNDUP(+C19/$AT19,0),0) -> 11 | DM19: =IFERROR(ROUNDUP(+D19/$AW19,0),0) -> 18 | DN19: =IFERROR(ROUNDUP(+E19/$AZ19,0),0) -> 2 | DO19: =IFERROR(ROUNDUP(+F19/$BC19,0),0) -> 1 | DP19: =IFERROR(ROUNDUP(+G19/$BF19,0),0) -> 0 | DQ19: =IFERROR(ROUNDUP(+$H19/$BI19,0),0) -> 0 | DR19: =IFERROR(ROUNDUP(+I19/$BL19,0),0) -> 0 | DS19: =IFERROR(ROUNDUP(J19/BO19,0),0) -> 0 | DT19: =IFERROR(ROUNDUP(+K19/BR19,0),0) -> 0 | DU19: =IFERROR(ROUNDUP(+N19/BU19,0),0) -> 0 | DV19: =IFERROR(ROUNDUP(+R19/BX19,0),0) -> 0 | DW19: =IFERROR(ROUNDUP(+V19/CA19,0),0) -> 0 | DX19: =IFERROR(ROUNDUP(+Y19/CD19,0),0) -> 0 | DY19: =IFERROR(ROUNDUP(+AE19/CG19,0),0) -> 0 | DZ19: =IFERROR(ROUNDUP(+AF19/CJ19,0),0) -> 0 | EA19: =IFERROR(ROUNDUP(+AG19/CM19,0),0) -> 0 | EB19: =IFERROR(ROUNDUP(+AH19/CP19,0),0) -> 0 | EC19: =IFERROR(ROUNDUP(+AI19/CS19,0),0) -> 2 | ED19: =IFERROR(ROUNDUP(+AJ19/CV19,0),0) -> 2 | EE19: =IFERROR(ROUNDUP(+AK19/CY19,0),0) -> 2 | EF19: =IFERROR(ROUNDUP(+AL19/DB19,0),0) -> 3 | EG19: =IFERROR(ROUNDUP(+AM19/DE19,0),0) -> 3 | EH19: =IFERROR(ROUNDUP(+AN19/DH19,0),0) -> 3 | EJ19: =$AR19*DK19 -> 144 | EK19: =$AU19*DL19 -> 132 | EL19: =$AX19*DM19 -> 162 | EM19: =$BA19*DN19 -> 18 | EN19: =$BD19*DO19 -> 6 | EO19: =$BG19*DP19 -> 0 | EP19: =BJ19*DQ19 -> 0 | EQ19: =+BM19*DR19 -> 0 | ER19: =BP19*DS19 -> 0 | ES19: =+BS19*DT19 -> 0 | ET19: =+BV19*DU19 -> 0 | EU19: =+BY19*DV19 -> 0 | EV19: =+CB19*DW19 -> 0 | EW19: =+CE19*DX19 -> 0 | EX19: =+CH19*DY19 -> 0 | EY19: =+CK19*DZ19 -> 0 | EZ19: =+CN19*EA19 -> 0 | FA19: =+CQ19*EB19 -> 0 | FB19: =+CT19*EC19 -> 18 | FC19: =+CW19*ED19 -> 18 | FD19: =+CZ19*EE19 -> 18 | FE19: =+DC19*EF19 -> 27 | FF19: =+DF19*EG19 -> 27 | FG19: =+DI19*EH19 -> 27 | FO19: =+A19&BQ19 -> USDA ChickenW2 | FP19: =+A19&BT19 -> USDA ChickenW2 | FQ19: =+A19&BW19 -> USDA ChickenW2 | FR19: 220133
A20: USDA Beef Stew | B20: =SUMIF(Prophix!$Q:$Q,'Fds Units'!$A20,Prophix!D:D) -> 333144 | C20: =SUMIF(Prophix!$Q:$Q,'Fds Units'!$A20,Prophix!E:E) -> 742752 | D20: =SUMIF(Prophix!$Q:$Q,'Fds Units'!$A20,Prophix!F:F) -> 395856 | E20: =SUMIF(Prophix!$Q:$Q,'Fds Units'!$A20,Prophix!G:G) -> 613416 | F20: =SUMIF(Prophix!$Q:$Q,'Fds Units'!$A20,Prophix!H:H) -> 0 | G20: =SUMIF(Prophix!$Q:$Q,'Fds Units'!$A20,Prophix!I:I) -> 882648 | H20: =SUMIF(Prophix!$Q:$Q,'Fds Units'!$A20,Prophix!J:J) -> 0 | I20: =SUMIF(Prophix!$Q:$Q,'Fds Units'!$A20,Prophix!K:K) -> 0 | J20: =SUMIF(Prophix!$Q:$Q,'Fds Units'!$A20,Prophix!L:L) -> 0 | K20: =SUMIF(Prophix!$Q:$Q,'Fds Units'!$A20,Prophix!M:M)-K21 -> 401421 | L20: 669768 | M20: =-SUM('[2]Fds Pivot'!$D$188:$F$188) -> 437952 | N20: 716520 | O20: =L20-N20 -> -46752 | P20: 0 | Q20: =R20 -> 19200 | R20: 19200 | S20: 40104 | T20: =S20-R20 -> 20904 | U20: 879960 | V20: 1028784 | W20: 408000 | X20: 837823 | Y20: 568800 | Z20: 1399200 | AA20: 605400 | AB20: =AA20-Z20 -> -793800 | AC20: 510000 | AD20: 408000 | AE20: 408000 | AF20: =840000*$AO$18 -> 420000 | AG20: =840000*$AO$18 -> 420000 | AH20: =840000*$AO$18 -> 420000 | AI20: =840000*$AO$18 -> 420000 | AJ20: =840000*$AO$18 -> 420000 | AK20: =840000*$AO$18 -> 420000 | AL20: =840000*$AO$18 -> 420000 | AM20: =840000*$AO$18 -> 420000 | AN20: =840000*$AO$18 -> 420000 | AP20: Y1/L1 | AQ20: 170000 | AR20: 14 | AS20: Y1/L1 | AT20: 115000 | AU20: 12 | AV20: Y1/L1 | AW20: 100000 | AX20: 12 | AY20: Y1/L1 | AZ20: =+E20/6 -> 102236 | BA20: 12 | BB20: Y4S/Y5 | BC20: 100000 | BD20: 12 | BE20: Y1/L1 | BF20: =+G20/9 -> 98072 | BG20: 12 | BH20: Y4S/Y5 | BI20: 100000 | BJ20: 12 | BK20: Y4S/Y5 | BL20: 100000 | BM20: 12 | BN20: Y4S/Y5 | BO20: 100000 | BP20: 12 | BQ20: Y4S/Y5 | BR20: 105000 | BS20: 12 | BT20: Y4S/Y5 | BU20: 105000 | BV20: 12 | BW20: W3 | BX20: 115000 | BY20: 15 | BZ20: =+BW20 -> W3 | CA20: 102000 | CB20: =+BY20 -> 15 | CC20: =+BZ20 -> W3 | CD20: =+CA20 -> 102000 | CE20: =+CB20 -> 15 | CF20: =+CC20 -> W3 | CG20: =+CD20 -> 102000 | CH20: =+CE20 -> 15 | CI20: =+CF20 -> W3 | ... DI20: =+DF20 -> 15 | DK20: =IFERROR(ROUNDUP(+B20/$AQ20,0),0) -> 2 | DL20: =IFERROR(ROUNDUP(+C20/$AT20,0),0) -> 7 | DM20: =IFERROR(ROUNDUP(+D20/$AW20,0),0) -> 4 | DN20: =IFERROR(ROUNDUP(+E20/$AZ20,0),0) -> 6 | DO20: =IFERROR(ROUNDUP(+F20/$BC20,0),0) -> 0 | DP20: =IFERROR(ROUNDUP(+G20/$BF20,0),0) -> 9 | DQ20: =IFERROR(ROUNDUP(+$H20/$BI20,0),0) -> 0 | DR20: =IFERROR(ROUNDUP(+I20/$BL20,0),0) -> 0 | DS20: =IFERROR(ROUNDUP(J20/BO20,0),0) -> 0 | DT20: 12 | DU20: 7 | DV20: =IFERROR(ROUNDUP(+R20/BX20,0),0) -> 1 | DW20: =IFERROR(ROUNDUP(+V20/CA20,0),0) -> 11 | DX20: =IFERROR(ROUNDUP(+Y20/CD20,0),0) -> 6 | DY20: =IFERROR(ROUNDUP(+AE20/CG20,0),0) -> 4 | DZ20: =IFERROR(ROUNDUP(+AF20/CJ20,0),0) -> 5 | EA20: =IFERROR(ROUNDUP(+AG20/CM20,0),0) -> 5 | EB20: =IFERROR(ROUNDUP(+AH20/CP20,0),0) -> 5 | EC20: =IFERROR(ROUNDUP(+AI20/CS20,0),0) -> 5 | ED20: =IFERROR(ROUNDUP(+AJ20/CV20,0),0) -> 5 | EE20: =IFERROR(ROUNDUP(+AK20/CY20,0),0) -> 5 | EF20: =IFERROR(ROUNDUP(+AL20/DB20,0),0) -> 5 | EG20: =IFERROR(ROUNDUP(+AM20/DE20,0),0) -> 5 | EH20: =IFERROR(ROUNDUP(+AN20/DH20,0),0) -> 5 | EJ20: =$AR20*DK20 -> 28 | EK20: =$AU20*DL20 -> 84 | EL20: =$AX20*DM20 -> 48 | EM20: =$BA20*DN20 -> 72 | EN20: =$BD20*DO20 -> 0 | EO20: =$BG20*DP20 -> 108 | EP20: =BJ20*DQ20 -> 0 | EQ20: =+BM20*DR20 -> 0 | ER20: =BP20*DS20 -> 0 | ES20: =+BS20*DT20 -> 144 | ET20: =+BV20*DU20 -> 84 | EU20: =+BY20*DV20 -> 15 | EV20: =+CB20*DW20 -> 165 | EW20: =+CE20*DX20 -> 90 | EX20: =+CH20*DY20 -> 60 | EY20: =+CK20*DZ20 -> 75 | EZ20: =+CN20*EA20 -> 75 | FA20: =+CQ20*EB20 -> 75 | FB20: =+CT20*EC20 -> 75 | FC20: =+CW20*ED20 -> 75 | FD20: =+CZ20*EE20 -> 75 | FE20: =+DC20*EF20 -> 75 | FF20: =+DF20*EG20 -> 75 | FG20: =+DI20*EH20 -> 75 | FO20: =+A20&BQ20 -> USDA Beef StewY4S/Y5 | FP20: =+A20&BT20 -> USDA Beef StewY4S/Y5 | FQ20: =+A20&BW20 -> USDA Beef StewW3 | FR20: 220125
A21: USDA Beef Stew | K21: 351483 | O21: =L21-N21 -> 0 | P21: 0 | X21: =V21-W21 -> 0 | AB21: =AA21-Z21 -> 0 | AC21: 0 | AD21: 0 | AE21: 0 | BQ21: Y3NS | BR21: 105000 | BS21: 12 | DT21: =IFERROR(ROUNDUP(+K21/BR21,0),0)+4 -> 8 | ES21: =+BS21*DT21 -> 96 | FO21: =+A21&BQ21 -> USDA Beef StewY3NS | FQ21: =+A21&BW21 -> USDA Beef Stew
A22: USDA Chili with Beans | B22: =SUMIF(Prophix!$Q:$Q,'Fds Units'!$A22,Prophix!D:D) -> 0 | C22: =SUMIF(Prophix!$Q:$Q,'Fds Units'!$A22,Prophix!E:E) -> 0 | D22: =SUMIF(Prophix!$Q:$Q,'Fds Units'!$A22,Prophix!F:F) -> 0 | E22: =SUMIF(Prophix!$Q:$Q,'Fds Units'!$A22,Prophix!G:G) -> 0 | F22: =SUMIF(Prophix!$Q:$Q,'Fds Units'!$A22,Prophix!H:H) -> 0 | G22: =SUMIF(Prophix!$Q:$Q,'Fds Units'!$A22,Prophix!I:I) -> 275460 | H22: =SUMIF(Prophix!$Q:$Q,'Fds Units'!$A22,Prophix!J:J) -> 0 | I22: =SUMIF(Prophix!$Q:$Q,'Fds Units'!$A22,Prophix!K:K) -> 0 | J22: =SUMIF(Prophix!$Q:$Q,'Fds Units'!$A22,Prophix!L:L) -> 0 | K22: =SUMIF(Prophix!$Q:$Q,'Fds Units'!$A22,Prophix!M:M)-K23 -> 102897 | L22: 279936 | M22: =-SUM('[2]Fds Pivot'!$D$189:$F$189) -> 54973 | N22: 279240 | O22: =L22-N22 -> 696 | P22: 0 | Q22: 0 | T22: =+R22-Q22 -> 0 | U22: 299988 | V22: 299988 | W22: 252000 | X22: 164948 | AB22: =AA22-Z22 -> 0 | AC22: 99996 | AD22: 412800 | AE22: 412800 | AF22: 348000 | AG22: 348000 | AH22: 348000 | AI22: 264000 | AJ22: 264000 | AK22: 252000 | AL22: 324000 | AM22: 300000 | AN22: 300000 | AP22: Y4S/Y5 | AQ22: 100000 | AR22: 12 | AS22: Y4S/Y5 | AT22: 100000 | AU22: 12 | AV22: Y4S/Y5 | AW22: 100000 | AX22: 12 | AY22: Y4S/Y5 | AZ22: 100000 | BA22: 12 | BB22: Y4S/Y5 | BC22: 100000 | BD22: 12 | BE22: Y1/L1 | BF22: 117600 | BG22: 12 | BH22: Y4S/Y5 | BI22: 100000 | BJ22: 12 | BK22: Y4S/Y5 | BL22: 100000 | BM22: 12 | BN22: Y4S/Y5 | BO22: 118000 | BP22: 12 | BQ22: Y4S/Y5 | BR22: =+BO22 -> 118000 | BS22: 12 | BT22: Y4S/Y5 | BU22: 100000 | BV22: 12 | BW22: W3 | BX22: 152000 | BY22: 16 | BZ22: =+BW22 -> W3 | CA22: 99996 | CB22: =+BY22 -> 16 | CC22: =+BZ22 -> W3 | CD22: =+CA22 -> 99996 | CE22: =+CB22 -> 16 | CF22: =+CC22 -> W3 | CG22: =+CD22 -> 99996 | CH22: =+CE22 -> 16 | CI22: =+CF22 -> W3 | ... DI22: =+DF22 -> 16 | DK22: =IFERROR(ROUNDUP(+B22/$AQ22,0),0) -> 0 | DL22: =IFERROR(ROUNDUP(+C22/$AT22,0),0) -> 0 | DM22: =IFERROR(ROUNDUP(+D22/$AW22,0),0) -> 0 | DN22: =IFERROR(ROUNDUP(+E22/$AZ22,0),0) -> 0 | DO22: =IFERROR(ROUNDUP(+F22/$BC22,0),0) -> 0 | DP22: =IFERROR(ROUNDUP(+G22/$BF22,0),0) -> 3 | DQ22: =IFERROR(ROUNDUP(+$H22/$BI22,0),0) -> 0 | DR22: =IFERROR(ROUNDUP(+I22/$BL22,0),0) -> 0 | DS22: =IFERROR(ROUNDUP(J22/BO22,0),0) -> 0 | DT22: =IFERROR(ROUNDUP(+K22/BR22,0),0)+3 -> 4 | DU22: 3 | DV22: =IFERROR(ROUNDUP(+R22/BX22,0),0) -> 0 | DW22: =IFERROR(ROUNDUP(+V22/CA22,0),0) -> 3 | DX22: =IFERROR(ROUNDUP(+Y22/CD22,0),0) -> 0 | DY22: =IFERROR(ROUNDUP(+AE22/CG22,0),0) -> 5 | DZ22: =IFERROR(ROUNDUP(+AF22/CJ22,0),0) -> 4 | EA22: =IFERROR(ROUNDUP(+AG22/CM22,0),0) -> 4 | EB22: =IFERROR(ROUNDUP(+AH22/CP22,0),0) -> 4 | EC22: =IFERROR(ROUNDUP(+AI22/CS22,0),0) -> 3 | ED22: =IFERROR(ROUNDUP(+AJ22/CV22,0),0) -> 3 | EE22: =IFERROR(ROUNDUP(+AK22/CY22,0),0) -> 3 | EF22: =IFERROR(ROUNDUP(+AL22/DB22,0),0) -> 4 | EG22: =IFERROR(ROUNDUP(+AM22/DE22,0),0) -> 4 | EH22: =IFERROR(ROUNDUP(+AN22/DH22,0),0) -> 4 | EJ22: =$AR22*DK22 -> 0 | EK22: =$AU22*DL22 -> 0 | EL22: =$AX22*DM22 -> 0 | EM22: =$BA22*DN22 -> 0 | EN22: =$BD22*DO22 -> 0 | EO22: =$BG22*DP22 -> 36 | EP22: =BJ22*DQ22 -> 0 | EQ22: =+BM22*DR22 -> 0 | ER22: =BP22*DS22 -> 0 | ES22: =+BS22*DT22 -> 48 | ET22: =+BV22*DU22 -> 36 | EU22: =+BY22*DV22 -> 0 | EV22: =+CB22*DW22 -> 48 | EW22: =+CE22*DX22 -> 0 | EX22: =+CH22*DY22 -> 80 | EY22: =+CK22*DZ22 -> 64 | EZ22: =+CN22*EA22 -> 64 | FA22: =+CQ22*EB22 -> 64 | FB22: =+CT22*EC22 -> 48 | FC22: =+CW22*ED22 -> 48 | FD22: =+CZ22*EE22 -> 48 | FE22: =+DC22*EF22 -> 64 | FF22: =+DF22*EG22 -> 64 | FG22: =+DI22*EH22 -> 64 | FO22: =+A22&BQ22 -> USDA Chili with BeansY4S/Y5 | FP22: =+A22&BT22 -> USDA Chili with BeansY4S/Y5 | FQ22: =+A22&BW22 -> USDA Chili with BeansW3 | FR22: 0
A23: USDA Chili with Beans | K23: 172575 | O23: =+N23-M23 -> 0 | AB23: =AA23-Z23 -> 0 | AC23: 0 | AD23: 0 | AE23: 0 | BQ23: Y3NS | BR23: 105000 | BS23: 12 | DT23: =IFERROR(ROUNDUP(+K23/BR23,0),0)+1 -> 3 | ES23: =+BS23*DT23 -> 36 | FQ23: =+A23&BW23 -> USDA Chili with Beans
A24: USDA Chili No Bean | B24: =SUMIF(Prophix!$Q:$Q,'Fds Units'!$A24,Prophix!D:D) -> 0 | C24: =SUMIF(Prophix!$Q:$Q,'Fds Units'!$A24,Prophix!E:E) -> 0 | D24: =SUMIF(Prophix!$Q:$Q,'Fds Units'!$A24,Prophix!F:F) -> 0 | E24: =SUMIF(Prophix!$Q:$Q,'Fds Units'!$A24,Prophix!G:G) -> 0 | F24: =SUMIF(Prophix!$Q:$Q,'Fds Units'!$A24,Prophix!H:H) -> 0 | G24: =SUMIF(Prophix!$Q:$Q,'Fds Units'!$A24,Prophix!I:I) -> 0 | H24: =SUMIF(Prophix!$Q:$Q,'Fds Units'!$A24,Prophix!J:J) -> 0 | I24: =SUMIF(Prophix!$Q:$Q,'Fds Units'!$A24,Prophix!K:K) -> 0 | J24: =SUMIF(Prophix!$Q:$Q,'Fds Units'!$A24,Prophix!L:L) -> 0 | K24: =SUMIF(Prophix!$Q:$Q,'Fds Units'!$A24,Prophix!M:M) -> 0 | N24: =SUMIF(Schedule!$R:$R,$FP24,Schedule!P:P) -> 0 | O24: =+N24-M24 -> 0 | T24: =+R24-Q24 -> 0 | X24: =+W24-U24 -> 0 | AB24: =AA24-Z24 -> 0 | AC24: 0 | AD24: 0 | AE24: 0 | AP24: Y4S/Y5 | AQ24: 100000 | AR24: 12 | AS24: Y4S/Y5 | AT24: 100000 | AU24: 12 | AV24: Y4S/Y5 | AW24: 100000 | AX24: 12 | AY24: Y4S/Y5 | AZ24: 100000 | BA24: 12 | BB24: Y4S/Y5 | BC24: 100000 | BD24: 12 | BE24: Y4S/Y5 | BF24: 100000 | BG24: 12 | BH24: Y4S/Y5 | BI24: 100000 | BJ24: 12 | BK24: Y4S/Y5 | BL24: 100000 | BM24: 12 | BN24: Y4S/Y5 | BO24: 100000 | BP24: 12 | BQ24: Y4S/Y5 | BR24: 100000 | BS24: 12 | BT24: Y4S/Y5 | BU24: 100000 | BV24: 12 | BW24: W3 | BX24: 136000 | BY24: 15 | BZ24: =+BW24 -> W3 | CA24: 115000 | CB24: =+BY24 -> 15 | CC24: =+BZ24 -> W3 | CD24: =+CA24 -> 115000 | CE24: =+CB24 -> 15 | CF24: =+CC24 -> W3 | CG24: =+CD24 -> 115000 | CH24: =+CE24 -> 15 | CI24: =+CF24 -> W3 | ... DI24: =+DF24 -> 15 | DK24: =IFERROR(ROUNDUP(+B24/$AQ24,0),0) -> 0 | DL24: =IFERROR(ROUNDUP(+C24/$AT24,0),0) -> 0 | DM24: =IFERROR(ROUNDUP(+D24/$AW24,0),0) -> 0 | DN24: =IFERROR(ROUNDUP(+E24/$AZ24,0),0) -> 0 | DO24: =IFERROR(ROUNDUP(+F24/$BC24,0),0) -> 0 | DP24: =IFERROR(ROUNDUP(+G24/$BF24,0),0) -> 0 | DQ24: =IFERROR(ROUNDUP(+$H24/$BI24,0),0) -> 0 | DR24: =IFERROR(ROUNDUP(+I24/$BL24,0),0) -> 0 | DS24: =IFERROR(ROUNDUP(J24/BO24,0),0) -> 0 | DT24: =IFERROR(ROUNDUP(+K24/BR24,0),0) -> 0 | DU24: =IFERROR(ROUNDUP(+N24/BU24,0),0) -> 0 | DV24: =IFERROR(ROUNDUP(+R24/BX24,0),0) -> 0 | DW24: =IFERROR(ROUNDUP(+V24/CA24,0),0) -> 0 | DX24: =IFERROR(ROUNDUP(+Y24/CD24,0),0) -> 0 | DY24: =IFERROR(ROUNDUP(+AE24/CG24,0),0) -> 0 | DZ24: =IFERROR(ROUNDUP(+AF24/CJ24,0),0) -> 0 | EA24: =IFERROR(ROUNDUP(+AG24/CM24,0),0) -> 0 | EB24: =IFERROR(ROUNDUP(+AH24/CP24,0),0) -> 0 | EC24: =IFERROR(ROUNDUP(+AI24/CS24,0),0) -> 0 | ED24: =IFERROR(ROUNDUP(+AJ24/CV24,0),0) -> 0 | EE24: =IFERROR(ROUNDUP(+AK24/CY24,0),0) -> 0 | EF24: =IFERROR(ROUNDUP(+AL24/DB24,0),0) -> 0 | EG24: =IFERROR(ROUNDUP(+AM24/DE24,0),0) -> 0 | EH24: =IFERROR(ROUNDUP(+AN24/DH24,0),0) -> 0 | EJ24: =$AR24*DK24 -> 0 | EK24: =$AU24*DL24 -> 0 | EL24: =$AX24*DM24 -> 0 | EM24: =$BA24*DN24 -> 0 | EN24: =$BD24*DO24 -> 0 | EO24: =$BG24*DP24 -> 0 | EP24: =BJ24*DQ24 -> 0 | EQ24: =+BM24*DR24 -> 0 | ER24: =BP24*DS24 -> 0 | ES24: =+BS24*DT24 -> 0 | ET24: =+BV24*DU24 -> 0 | EU24: =+BY24*DV24 -> 0 | EV24: =+CB24*DW24 -> 0 | EW24: =+CE24*DX24 -> 0 | EX24: =+CH24*DY24 -> 0 | EY24: =+CK24*DZ24 -> 0 | EZ24: =+CN24*EA24 -> 0 | FA24: =+CQ24*EB24 -> 0 | FB24: =+CT24*EC24 -> 0 | FC24: =+CW24*ED24 -> 0 | FD24: =+CZ24*EE24 -> 0 | FE24: =+DC24*EF24 -> 0 | FF24: =+DF24*EG24 -> 0 | FG24: =+DI24*EH24 -> 0 | FO24: =+A24&BQ24 -> USDA Chili No BeanY4S/Y5 | FP24: =+A24&BT24 -> USDA Chili No BeanY4S/Y5 | FQ24: =+A24&BW24 -> USDA Chili No BeanW3 | FR24: 0
AB25: =AA25-Z25 -> 0 | FO25: =+A25&BQ25 | FP25: =+A25&BT25 | FQ25: =+A25&BW25
A26: Institutional Nutrition | B26: =+B27+B32+B39+B45+B52+B55+B65+B70 -> 2285040 | C26: =+C27+C32+C39+C45+C52+C55+C65+C70 -> 1442232 | D26: =+D27+D32+D39+D45+D52+D55+D65+D70 -> 3244008 | E26: =+E27+E32+E39+E45+E52+E55+E65+E70 -> 4913808 | F26: =+F27+F32+F39+F45+F52+F55+F65+F70 -> 5333544 | G26: =+G27+G32+G39+G45+G52+G55+G65+G70 -> 4403220 | H26: =+H27+H32+H39+H45+H52+H55+H65+H70 -> 4104840 | I26: =+I27+I32+I39+I45+I52+I55+I65+I70 -> 1346712 | ... S26: =+S27+S32+S39+S45+S52+S55+S65+S70 -> 2385564 | T26: =S26-R26 -> -1023804 | U26: =+U27+U32+U39+U45+U52+U55+U65+U70 -> 4099980 | V26: =+V27+V32+V39+V45+V52+V55+V65+V70 -> 4676028 | W26: =+W27+W32+W39+W45+W52+W55+W65+W70 -> 4260000 | X26: =+X27+X32+X39+X45+X52+X55+X65+X70 -> 2704120 | Y26: =+Y27+Y32+Y39+Y45+Y52+Y55+Y65+Y70 -> 4223784 | Z26: =+Z27+Z32+Z39+Z45+Z52+Z55+Z65+Z70 -> 5630280 | AA26: =+AA27+AA32+AA39+AA45+AA52+AA55+AA65+AA70 -> 3560100 | AB26: =AB27+AB32+AB39+AB45+AB52+AB55+AB65+AB70 -> -2070180 | AC26: =+AC27+AC32+AC39+AC45+AC52+AC55+AC65+AC70 -> 5193856 | AD26: =+AD27+AD32+AD39+AD45+AD52+AD55+AD65+AD70 -> 6669856 | AE26: =+AE27+AE32+AE39+AE45+AE52+AE55+AE65+AE70 -> 6825816 | AF26: =+AF27+AF32+AF39+AF45+AF52+AF55+AF65+AF70 -> 5192736 | AG26: =+AG27+AG32+AG39+AG45+AG52+AG55+AG65+AG70 -> 7068000 | AH26: =+AH27+AH32+AH39+AH45+AH52+AH55+AH65+AH70 -> 3553254.2 | AI26: =+AI27+AI32+AI39+AI45+AI52+AI55+AI65+AI70 -> 3553254.2 | AJ26: =+AJ27+AJ32+AJ39+AJ45+AJ52+AJ55+AJ65+AJ70 -> 3631381.8 | ... AN26: =+AN27+AN32+AN39+AN45+AN52+AN55+AN65+AN70 -> 3631378.8 | AO26: 0.75 | FO26: =+A26&BQ26 -> Institutional Nutrition | FP26: =+A26&BT26 -> Institutional Nutrition | FQ26: =+A26&BW26 -> Institutional Nutrition
A27: 2.6 oz | B27: =SUM(B28:B30) -> 0 | C27: =SUM(C28:C30) -> 232956 | D27: =SUM(D28:D30) -> 174756 | E27: =SUM(E28:E30) -> 0 | F27: =SUM(F28:F30) -> 379968 | G27: =SUM(G28:G30) -> 124884 | H27: =SUM(H28:H30) -> 416124 | I27: =SUM(I28:I30) -> 553788 | ... V27: =SUM(V28:V30) -> 329988 | W27: 0 | X27: =SUM(X28:X30) -> 0 | Y27: =SUM(Y28:Y30) -> 0 | AB27: =SUM(AB28:AB31) -> 0 | AC27: =SUM(AC28:AC31) -> 550016 | AD27: =SUM(AD28:AD31) -> 550016 | AE27: =SUM(AE28:AE31) -> 350016 | AF27: =SUM(AF28:AF31) -> 0 | AG27: =SUM(AG28:AG31) -> 0 | AH27: =218750*$AO$26 -> 164062.5 | AI27: =218750*$AO$26 -> 164062.5 | AJ27: =218750*$AO$26 -> 164062.5 | AK27: =218750*$AO$26 -> 164062.5 | AL27: =218750*$AO$26 -> 164062.5 | AM27: =218750*$AO$26 -> 164062.5 | AN27: =218750*$AO$26 -> 164062.5 | CI27: =+CI28 -> W2 | CJ27: =+CJ28 -> 199992 | CK27: =+CK28 -> 7 | CL27: =+CI27 -> W2 | CM27: =+CJ27 -> 199992 | CN27: =+CK27 -> 7 | CO27: =+CL27 -> W2 | CP27: =CM27 -> 199992 | CQ27: =+CN27 -> 7 | CR27: =+CO27 -> W2 | CS27: =+CP27 -> 199992 | CT27: =+CQ27 -> 7 | CU27: =+CR27 -> W2 | CV27: =+CS27 -> 199992 | CW27: =+CT27 -> 7 | CX27: =+CU27 -> W2 | ... DI27: =+DF27 -> 7 | DW27: =IFERROR(ROUNDUP(+Y27/CA27,0),0) -> 0 | DX27: =IFERROR(ROUNDUP(+AE27/CD27,0),0) -> 0 | DY27: =IFERROR(ROUNDUP(+AF27/CG27,0),0) -> 0 | DZ27: =IFERROR(ROUNDUP(+AG27/CJ27,0),0) -> 0 | EA27: =IFERROR(ROUNDUP(+AH27/CM27,0),0) -> 1 | EB27: =IFERROR(ROUNDUP(+AI27/CP27,0),0) -> 1 | EC27: =IFERROR(ROUNDUP(+AJ27/CS27,0),0) -> 1 | ED27: =IFERROR(ROUNDUP(+AK27/CV27,0),0) -> 1 | EE27: =IFERROR(ROUNDUP(+AL27/CY27,0),0) -> 1 | EF27: =IFERROR(ROUNDUP(+AM27/DB27,0),0) -> 1 | EG27: =IFERROR(ROUNDUP(+AN27/DE27,0),0) -> 1 | EH27: =IFERROR(ROUNDUP(+#REF!/DH27,0),0) -> 0 | EJ27: =$AR27*DK27 -> 0 | EK27: =$AU27*DL27 -> 0 | EL27: =$AX27*DM27 -> 0 | EM27: =$BA27*DN27 -> 0 | EN27: =$BD27*DO27 -> 0 | EO27: =$BG27*DP27 -> 0 | EP27: =BJ27*DQ27 -> 0 | EQ27: =+BM27*DR27 -> 0 | ER27: =BP27*DS27 -> 0 | ES27: =+BS27*DT27 -> 0 | ET27: =+BV27*DU27 -> 0 | EU27: =+BY27*DV27 -> 0 | EV27: =+CB27*DW27 -> 0 | EW27: =+CE27*DX27 -> 0 | EX27: =+CH27*DY27 -> 0 | EY27: =+CK27*DZ27 -> 0 | EZ27: =+CN27*EA27 -> 7 | FA27: =+CQ27*EB27 -> 7 | FB27: =+CT27*EC27 -> 7 | FC27: =+CW27*ED27 -> 7 | FD27: =+CZ27*EE27 -> 7 | FE27: =+DC27*EF27 -> 7 | FF27: =+DF27*EG27 -> 7 | FG27: =+DI27*EH27 -> 0 | FO27: =+A27&BQ27 -> 2.6 oz | FP27: =+A27&BT27 -> 2.6 oz | FQ27: =+A27&BW27 -> 2.6 oz
A28: (85129) FLB/DT WHITE CHICKEN | B28: =SUMIF(Prophix!$Q:$Q,'Fds Units'!$A28,Prophix!D:D) -> 0 | C28: =SUMIF(Prophix!$Q:$Q,'Fds Units'!$A28,Prophix!E:E) -> 0 | D28: =SUMIF(Prophix!$Q:$Q,'Fds Units'!$A28,Prophix!F:F) -> 0 | E28: =SUMIF(Prophix!$Q:$Q,'Fds Units'!$A28,Prophix!G:G) -> 0 | F28: =SUMIF(Prophix!$Q:$Q,'Fds Units'!$A28,Prophix!H:H) -> 379968 | G28: =SUMIF(Prophix!$Q:$Q,'Fds Units'!$A28,Prophix!I:I) -> 0 | H28: =SUMIF(Prophix!$Q:$Q,'Fds Units'!$A28,Prophix!J:J) -> 416124 | I28: =SUMIF(Prophix!$Q:$Q,'Fds Units'!$A28,Prophix!K:K) -> 0 | J28: =SUMIF(Prophix!$Q:$Q,'Fds Units'!$A28,Prophix!L:L) -> 0 | K28: =SUMIF(Prophix!$Q:$Q,'Fds Units'!$A28,Prophix!M:M) -> 0 | L28: 672360 | N28: 400008 | O28: =L28-N28 -> 272352 | P28: 200000 | Q28: =P28 -> 200000 | R28: 375012 | T28: =S28-R28 -> -375012 | U28: 129996 | V28: 129996 | Z28: 0 | AA28: 0 | AB28: =AA28-Z28 -> 0 | AC28: 200000 | AD28: 200000 | AE28: 0 | AF28: 0 | AG28: 0 | AP28: W2 | AQ28: 200000 | AR28: 7 | AS28: W2 | AT28: 200000 | AU28: 7 | AV28: W2 | AW28: 200000 | AX28: 7 | AY28: W2 | AZ28: 200000 | BA28: 7 | BB28: W2 | BC28: 190000 | BD28: 6 | BE28: W2 | BF28: 200000 | BG28: 7 | BH28: W2 | BI28: =+H28/2 -> 208062 | BJ28: 7 | BK28: W2 | BL28: 200000 | BM28: 7 | BN28: W2 | BO28: 200004 | BP28: 7 | BQ28: W2 | BR28: 200004 | BS28: 7 | BT28: W2 | BU28: 200004 | BV28: 7 | BW28: W2 | BX28: =+BU28 -> 200004 | BY28: 7 | BZ28: =+BW28 -> W2 | CA28: 199992 | CB28: =+BY28 -> 7 | CC28: =+BZ28 -> W2 | CD28: =+CA28 -> 199992 | CE28: =+CB28 -> 7 | CF28: =+CC28 -> W2 | CG28: =+CD28 -> 199992 | CH28: =+CE28 -> 7 | CI28: =+CF28 -> W2 | ... DI28: =+DF28 -> 7 | DK28: =IFERROR(ROUNDUP(+B28/$AQ28,0),0) -> 0 | DL28: =IFERROR(ROUNDUP(+C28/$AT28,0),0) -> 0 | DM28: =IFERROR(ROUNDUP(+D28/$AW28,0),0) -> 0 | DN28: =IFERROR(ROUNDUP(+E28/$AZ28,0),0) -> 0 | DO28: =IFERROR(ROUNDUP(+F28/$BC28,0),0) -> 2 | DP28: =IFERROR(ROUNDUP(+G28/$BF28,0),0) -> 0 | DQ28: =IFERROR(ROUNDUP(+$H28/$BI28,0),0) -> 2 | DR28: =IFERROR(ROUNDUP(+I28/$BL28,0),0) -> 0 | DS28: =IFERROR(ROUNDUP(J28/BO28,0),0) -> 0 | DT28: =IFERROR(ROUNDUP(+K28/BR28,0),0) -> 0 | DU28: 4 | DV28: =IFERROR(ROUNDUP(+R28/BX28,0),0) -> 2 | DW28: =IFERROR(ROUNDUP(+V28/CA28,0),0) -> 1 | DX28: =IFERROR(ROUNDUP(+Y28/CD28,0),0) -> 0 | DY28: =IFERROR(ROUNDUP(+AE28/CG28,0),0) -> 0 | DZ28: =IFERROR(ROUNDUP(+AF28/CJ28,0),0) -> 0 | EA28: =IFERROR(ROUNDUP(+AG28/CM28,0),0) -> 0 | EB28: =IFERROR(ROUNDUP(+AH28/CP28,0),0) -> 0 | EC28: =IFERROR(ROUNDUP(+AI28/CS28,0),0) -> 0 | ED28: =IFERROR(ROUNDUP(+AJ28/CV28,0),0) -> 0 | EE28: =IFERROR(ROUNDUP(+AK28/CY28,0),0) -> 0 | EF28: =IFERROR(ROUNDUP(+AL28/DB28,0),0) -> 0 | EG28: =IFERROR(ROUNDUP(+AM28/DE28,0),0) -> 0 | EH28: =IFERROR(ROUNDUP(+AN28/DH28,0),0) -> 0 | EJ28: =$AR28*DK28 -> 0 | EK28: =$AU28*DL28 -> 0 | EL28: =$AX28*DM28 -> 0 | EM28: =$BA28*DN28 -> 0 | EN28: =$BD28*DO28 -> 12 | EO28: =$BG28*DP28 -> 0 | EP28: =BJ28*DQ28 -> 14 | EQ28: =+BM28*DR28 -> 0 | ER28: =BP28*DS28 -> 0 | ES28: =+BS28*DT28 -> 0 | ET28: =+BV28*DU28 -> 28 | EU28: =+BY28*DV28 -> 14 | EV28: =+CB28*DW28 -> 7 | EW28: =+CE28*DX28 -> 0 | EX28: =+CH28*DY28 -> 0 | EY28: =+CK28*DZ28 -> 0 | EZ28: =+CN28*EA28 -> 0 | FA28: =+CQ28*EB28 -> 0 | FB28: =+CT28*EC28 -> 0 | FC28: =+CW28*ED28 -> 0 | FD28: =+CZ28*EE28 -> 0 | FE28: =+DC28*EF28 -> 0 | FF28: =+DF28*EG28 -> 0 | FG28: =+DI28*EH28 -> 0 | FO28: =+A28&BQ28 -> (85129) FLB/DT WHITE CHICKENW2 | FP28: =+A28&BT28 -> (85129) FLB/DT WHITE CHICKENW2 | FQ28: =+A28&BW28 -> (85129) FLB/DT WHITE CHICKENW2 | FR28: (85129) FLB/DT WHITE CHICKEN Total
A29: (85131) FLB CHICKEN SALAD | B29: =SUMIF(Prophix!$Q:$Q,'Fds Units'!$A29,Prophix!D:D) -> 0 | C29: =SUMIF(Prophix!$Q:$Q,'Fds Units'!$A29,Prophix!E:E) -> 232956 | D29: =SUMIF(Prophix!$Q:$Q,'Fds Units'!$A29,Prophix!F:F) -> 174756 | E29: =SUMIF(Prophix!$Q:$Q,'Fds Units'!$A29,Prophix!G:G) -> 0 | F29: =SUMIF(Prophix!$Q:$Q,'Fds Units'!$A29,Prophix!H:H) -> 0 | G29: =SUMIF(Prophix!$Q:$Q,'Fds Units'!$A29,Prophix!I:I) -> 124884 | H29: =SUMIF(Prophix!$Q:$Q,'Fds Units'!$A29,Prophix!J:J) -> 0 | I29: =SUMIF(Prophix!$Q:$Q,'Fds Units'!$A29,Prophix!K:K) -> 553788 | J29: =SUMIF(Prophix!$Q:$Q,'Fds Units'!$A29,Prophix!L:L) -> 0 | K29: =SUMIF(Prophix!$Q:$Q,'Fds Units'!$A29,Prophix!M:M) -> 0 | N29: =SUMIF(Schedule!$R:$R,$FP29,Schedule!P:P) -> 0 | O29: =+N29-M29 -> 0 | Q29: =+P29-O29 -> 0 | T29: =S29-R29 -> 0 | U29: 199992 | V29: 199992 | Z29: 0 | AA29: 0 | AB29: =AA29-Z29 -> 0 | AC29: 0 | AD29: 0 | AE29: 0 | AF29: 0 | AG29: 0 | AP29: W2 | AQ29: 200000 | AR29: 7 | AS29: W2 | AT29: 235000 | AU29: 7 | AV29: W2 | AW29: 200000 | AX29: 7 | AY29: W2 | AZ29: 200000 | BA29: 7 | BB29: W2 | BC29: 200000 | BD29: 7 | BE29: W2 | BF29: =+G29/1 -> 124884 | BG29: 7 | BH29: W2 | BI29: 200000 | BJ29: 7 | BK29: W2 | BL29: 200004 | BM29: 7 | BN29: =+BK29 -> W2 | BO29: =+BL29 -> 200004 | BP29: =+BM29 -> 7 | BQ29: =+BN29 -> W2 | BR29: =+BO29 -> 200004 | BS29: =+BP29 -> 7 | BT29: =+BQ29 -> W2 | BU29: =+BR29 -> 200004 | ... BZ29: =+BW29 -> W2 | CA29: 199992 | CB29: =+BY29 -> 7 | CC29: =+BZ29 -> W2 | CD29: =+CA29 -> 199992 | CE29: =+CB29 -> 7 | CF29: =+CC29 -> W2 | CG29: =+CD29 -> 199992 | CH29: =+CE29 -> 7 | CI29: =+CF29 -> W2 | ... DI29: =+DF29 -> 7 | DK29: =IFERROR(ROUNDUP(+B29/$AQ29,0),0) -> 0 | DL29: =IFERROR(ROUNDUP(+C29/$AT29,0),0) -> 1 | DM29: =IFERROR(ROUNDUP(+D29/$AW29,0),0) -> 1 | DN29: =IFERROR(ROUNDUP(+E29/$AZ29,0),0) -> 0 | DO29: =IFERROR(ROUNDUP(+F29/$BC29,0),0) -> 0 | DP29: =IFERROR(ROUNDUP(+G29/$BF29,0),0) -> 1 | DQ29: =IFERROR(ROUNDUP(+$H29/$BI29,0),0) -> 0 | DR29: =IFERROR(ROUNDUP(+I29/$BL29,0),0) -> 3 | DS29: =IFERROR(ROUNDUP(J29/BO29,0),0) -> 0 | DT29: =IFERROR(ROUNDUP(+K29/BR29,0),0) -> 0 | DU29: =IFERROR(ROUNDUP(+N29/BU29,0),0) -> 0 | DV29: =IFERROR(ROUNDUP(+R29/BX29,0),0) -> 0 | DW29: =IFERROR(ROUNDUP(+V29/CA29,0),0) -> 1 | DX29: =IFERROR(ROUNDUP(+Y29/CD29,0),0) -> 0 | DY29: =IFERROR(ROUNDUP(+AE29/CG29,0),0) -> 0 | DZ29: =IFERROR(ROUNDUP(+AF29/CJ29,0),0) -> 0 | EA29: =IFERROR(ROUNDUP(+AG29/CM29,0),0) -> 0 | EB29: =IFERROR(ROUNDUP(+AH29/CP29,0),0) -> 0 | EC29: =IFERROR(ROUNDUP(+AI29/CS29,0),0) -> 0 | ED29: =IFERROR(ROUNDUP(+AJ29/CV29,0),0) -> 0 | EE29: =IFERROR(ROUNDUP(+AK29/CY29,0),0) -> 0 | EF29: =IFERROR(ROUNDUP(+AL29/DB29,0),0) -> 0 | EG29: =IFERROR(ROUNDUP(+AM29/DE29,0),0) -> 0 | EH29: =IFERROR(ROUNDUP(+AN29/DH29,0),0) -> 0 | EJ29: =$AR29*DK29 -> 0 | EK29: =$AU29*DL29 -> 7 | EL29: =$AX29*DM29 -> 7 | EM29: =$BA29*DN29 -> 0 | EN29: =$BD29*DO29 -> 0 | EO29: =$BG29*DP29 -> 7 | EP29: =BJ29*DQ29 -> 0 | EQ29: =+BM29*DR29 -> 21 | ER29: =BP29*DS29 -> 0 | ES29: =+BS29*DT29 -> 0 | ET29: =+BV29*DU29 -> 0 | EU29: =+BY29*DV29 -> 0 | EV29: =+CB29*DW29 -> 7 | EW29: =+CE29*DX29 -> 0 | EX29: =+CH29*DY29 -> 0 | EY29: =+CK29*DZ29 -> 0 | EZ29: =+CN29*EA29 -> 0 | FA29: =+CQ29*EB29 -> 0 | FB29: =+CT29*EC29 -> 0 | FC29: =+CW29*ED29 -> 0 | FD29: =+CZ29*EE29 -> 0 | FE29: =+DC29*EF29 -> 0 | FF29: =+DF29*EG29 -> 0 | FG29: =+DI29*EH29 -> 0 | FO29: =+A29&BQ29 -> (85131) FLB CHICKEN SALADW2 | FP29: =+A29&BT29 -> (85131) FLB CHICKEN SALADW2 | FQ29: =+A29&BW29 -> (85131) FLB CHICKEN SALADW2 | FR29: (85131) FLB CHICKEN SALAD Total
A30: (85132) FLB BUFFALO CHICKEN | B30: =SUMIF(Prophix!$Q:$Q,'Fds Units'!$A30,Prophix!D:D) -> 0 | C30: =SUMIF(Prophix!$Q:$Q,'Fds Units'!$A30,Prophix!E:E) -> 0 | D30: =SUMIF(Prophix!$Q:$Q,'Fds Units'!$A30,Prophix!F:F) -> 0 | E30: =SUMIF(Prophix!$Q:$Q,'Fds Units'!$A30,Prophix!G:G) -> 0 | F30: =SUMIF(Prophix!$Q:$Q,'Fds Units'!$A30,Prophix!H:H) -> 0 | G30: =SUMIF(Prophix!$Q:$Q,'Fds Units'!$A30,Prophix!I:I) -> 0 | H30: =SUMIF(Prophix!$Q:$Q,'Fds Units'!$A30,Prophix!J:J) -> 0 | I30: =SUMIF(Prophix!$Q:$Q,'Fds Units'!$A30,Prophix!K:K) -> 0 | J30: =SUMIF(Prophix!$Q:$Q,'Fds Units'!$A30,Prophix!L:L) -> 0 | K30: =SUMIF(Prophix!$Q:$Q,'Fds Units'!$A30,Prophix!M:M) -> 0 | N30: =SUMIF(Schedule!$R:$R,$FP30,Schedule!P:P) -> 0 | O30: =+N30-M30 -> 0 | Q30: =+P30-O30 -> 0 | T30: =S30-R30 -> 0 | Z30: 0 | AA30: 0 | AB30: =AA30-Z30 -> 0 | AC30: 175008 | AD30: 175008 | AE30: 175008 | AF30: 0 | AG30: 0 | AP30: W2 | AQ30: 200000 | AR30: 7 | AS30: W2 | AT30: 200000 | AU30: 7 | AV30: W2 | AW30: 200000 | AX30: 7 | AY30: W2 | AZ30: 200000 | BA30: 7 | BB30: W2 | BC30: 200000 | BD30: 7 | BE30: W2 | BF30: 200000 | BG30: 7 | BH30: W2 | BI30: 200000 | BJ30: 7 | BK30: W2 | BL30: 200000 | BM30: 7 | BN30: W2 | BO30: 200000 | BP30: 7 | BQ30: W2 | BR30: 200000 | BS30: 7 | BT30: W2 | BU30: 200000 | BV30: 7 | BW30: W2 | BX30: 200000 | BY30: 7 | BZ30: =+BW30 -> W2 | CA30: 199992 | CB30: =+BY30 -> 7 | CC30: =+BZ30 -> W2 | CD30: =+CA30 -> 199992 | CE30: =+CB30 -> 7 | CF30: =+CC30 -> W2 | CG30: =+CD30 -> 199992 | CH30: =+CE30 -> 7 | CI30: =+CF30 -> W2 | ... DI30: =+DF30 -> 7 | DK30: =IFERROR(ROUNDUP(+B30/$AQ30,0),0) -> 0 | DL30: =IFERROR(ROUNDUP(+C30/$AT30,0),0) -> 0 | DM30: =IFERROR(ROUNDUP(+D30/$AW30,0),0) -> 0 | DN30: =IFERROR(ROUNDUP(+E30/$AZ30,0),0) -> 0 | DO30: =IFERROR(ROUNDUP(+F30/$BC30,0),0) -> 0 | DP30: =IFERROR(ROUNDUP(+G30/$BF30,0),0) -> 0 | DQ30: =IFERROR(ROUNDUP(+$H30/$BI30,0),0) -> 0 | DR30: =IFERROR(ROUNDUP(+I30/$BL30,0),0) -> 0 | DS30: =IFERROR(ROUNDUP(J30/BO30,0),0) -> 0 | DT30: =IFERROR(ROUNDUP(+K30/BR30,0),0) -> 0 | DU30: =IFERROR(ROUNDUP(+N30/BU30,0),0) -> 0 | DV30: =IFERROR(ROUNDUP(+R30/BX30,0),0) -> 0 | DW30: =IFERROR(ROUNDUP(+V30/CA30,0),0) -> 0 | DX30: =IFERROR(ROUNDUP(+Y30/CD30,0),0) -> 0 | DY30: =IFERROR(ROUNDUP(+AE30/CG30,0),0) -> 1 | DZ30: =IFERROR(ROUNDUP(+AF30/CJ30,0),0) -> 0 | EA30: =IFERROR(ROUNDUP(+AG30/CM30,0),0) -> 0 | EB30: =IFERROR(ROUNDUP(+AH30/CP30,0),0) -> 0 | EC30: =IFERROR(ROUNDUP(+AI30/CS30,0),0) -> 0 | ED30: =IFERROR(ROUNDUP(+AJ30/CV30,0),0) -> 0 | EE30: =IFERROR(ROUNDUP(+AK30/CY30,0),0) -> 0 | EF30: =IFERROR(ROUNDUP(+AL30/DB30,0),0) -> 0 | EG30: =IFERROR(ROUNDUP(+AM30/DE30,0),0) -> 0 | EH30: =IFERROR(ROUNDUP(+AN30/DH30,0),0) -> 0 | EJ30: =$AR30*DK30 -> 0 | EK30: =$AU30*DL30 -> 0 | EL30: =$AX30*DM30 -> 0 | EM30: =$BA30*DN30 -> 0 | EN30: =$BD30*DO30 -> 0 | EO30: =$BG30*DP30 -> 0 | EP30: =BJ30*DQ30 -> 0 | EQ30: =+BM30*DR30 -> 0 | ER30: =BP30*DS30 -> 0 | ES30: =+BS30*DT30 -> 0 | ET30: =+BV30*DU30 -> 0 | EU30: =+BY30*DV30 -> 0 | EV30: =+CB30*DW30 -> 0 | EW30: =+CE30*DX30 -> 0 | EX30: =+CH30*DY30 -> 7 | EY30: =+CK30*DZ30 -> 0 | EZ30: =+CN30*EA30 -> 0 | FA30: =+CQ30*EB30 -> 0 | FB30: =+CT30*EC30 -> 0 | FC30: =+CW30*ED30 -> 0 | FD30: =+CZ30*EE30 -> 0 | FE30: =+DC30*EF30 -> 0 | FF30: =+DF30*EG30 -> 0 | FG30: =+DI30*EH30 -> 0 | FO30: =+A30&BQ30 -> (85132) FLB BUFFALO CHICKENW2 | FP30: =+A30&BT30 -> (85132) FLB BUFFALO CHICKENW2 | FQ30: =+A30&BW30 -> (85132) FLB BUFFALO CHICKENW2 | FR30: 0
A31: (XXX) FLB BBQ CHICKEN | Z31: 0 | AA31: 0 | AB31: =AA31-Z31 -> 0 | AC31: 175008 | AD31: 175008 | AE31: 175008 | AF31: 0 | AG31: 0 | AP31: W2 | AQ31: 200000 | AR31: 7 | AS31: W2 | AT31: 200000 | AU31: 7 | AV31: W2 | AW31: 200000 | AX31: 7 | AY31: W2 | AZ31: 200000 | BA31: 7 | BB31: W2 | BC31: 200000 | BD31: 7 | BE31: W2 | BF31: 200000 | BG31: 7 | BH31: W2 | BI31: 200000 | BJ31: 7 | BK31: W2 | BL31: 200000 | BM31: 7 | BN31: W2 | BO31: 200000 | BP31: 7 | BQ31: W2 | BR31: 200000 | BS31: 7 | BT31: W2 | BU31: 200000 | BV31: 7 | BW31: W2 | BX31: 200000 | BY31: 7 | BZ31: =+BW31 -> W2 | CA31: 199992 | CB31: =+BY31 -> 7 | CC31: =+BZ31 -> W2 | CD31: =+CA31 -> 199992 | CE31: =+CB31 -> 7 | CF31: =+CC31 -> W2 | CG31: =+CD31 -> 199992 | CH31: =+CE31 -> 7 | CI31: =+CF31 -> W2 | ... DI31: =+DF31 -> 7 | DK31: =IFERROR(ROUNDUP(+B31/$AQ31,0),0) -> 0 | DL31: =IFERROR(ROUNDUP(+C31/$AT31,0),0) -> 0 | DM31: =IFERROR(ROUNDUP(+D31/$AW31,0),0) -> 0 | DN31: =IFERROR(ROUNDUP(+E31/$AZ31,0),0) -> 0 | DO31: =IFERROR(ROUNDUP(+F31/$BC31,0),0) -> 0 | DP31: =IFERROR(ROUNDUP(+G31/$BF31,0),0) -> 0 | DQ31: =IFERROR(ROUNDUP(+$H31/$BI31,0),0) -> 0 | DR31: =IFERROR(ROUNDUP(+I31/$BL31,0),0) -> 0 | DS31: =IFERROR(ROUNDUP(J31/BO31,0),0) -> 0 | DT31: =IFERROR(ROUNDUP(+K31/BR31,0),0) -> 0 | DU31: =IFERROR(ROUNDUP(+N31/BU31,0),0) -> 0 | DV31: =IFERROR(ROUNDUP(+R31/BX31,0),0) -> 0 | DW31: =IFERROR(ROUNDUP(+V31/CA31,0),0) -> 0 | DX31: =IFERROR(ROUNDUP(+Y31/CD31,0),0) -> 0 | DY31: =IFERROR(ROUNDUP(+AE31/CG31,0),0) -> 1 | DZ31: =IFERROR(ROUNDUP(+AF31/CJ31,0),0) -> 0 | EA31: =IFERROR(ROUNDUP(+AG31/CM31,0),0) -> 0 | EB31: =IFERROR(ROUNDUP(+AH31/CP31,0),0) -> 0 | EC31: =IFERROR(ROUNDUP(+AI31/CS31,0),0) -> 0 | ED31: =IFERROR(ROUNDUP(+AJ31/CV31,0),0) -> 0 | EE31: =IFERROR(ROUNDUP(+AK31/CY31,0),0) -> 0 | EF31: =IFERROR(ROUNDUP(+AL31/DB31,0),0) -> 0 | EG31: =IFERROR(ROUNDUP(+AM31/DE31,0),0) -> 0 | EH31: =IFERROR(ROUNDUP(+AN31/DH31,0),0) -> 0 | EJ31: =$AR31*DK31 -> 0 | EK31: =$AU31*DL31 -> 0 | EL31: =$AX31*DM31 -> 0 | EM31: =$BA31*DN31 -> 0 | EN31: =$BD31*DO31 -> 0 | EO31: =$BG31*DP31 -> 0 | EP31: =BJ31*DQ31 -> 0 | EQ31: =+BM31*DR31 -> 0 | ER31: =BP31*DS31 -> 0 | ES31: =+BS31*DT31 -> 0 | ET31: =+BV31*DU31 -> 0 | EU31: =+BY31*DV31 -> 0 | EV31: =+CB31*DW31 -> 0 | EW31: =+CE31*DX31 -> 0 | EX31: =+CH31*DY31 -> 7 | EY31: =+CK31*DZ31 -> 0 | EZ31: =+CN31*EA31 -> 0 | FA31: =+CQ31*EB31 -> 0 | FB31: =+CT31*EC31 -> 0 | FC31: =+CW31*ED31 -> 0 | FD31: =+CZ31*EE31 -> 0 | FE31: =+DC31*EF31 -> 0 | FF31: =+DF31*EG31 -> 0 | FG31: =+DI31*EH31 -> 0
A32: 4.5 OZ | B32: =SUM(B33:B38) -> 913104 | C32: =SUM(C33:C38) -> 120432 | D32: =SUM(D33:D38) -> 949248 | E32: =SUM(E33:E38) -> 1867248 | F32: =SUM(F33:F38) -> 1335504 | G32: =SUM(G33:G38) -> 2224224 | H32: =SUM(H33:H38) -> 2157840 | I32: =SUM(I33:I38) -> 0 | ... V32: =SUM(V33:V38) -> 1751304 | W32: 1440000 | X32: =SUM(X33:X38) -> 1291634 | Y32: =SUM(Y33:Y38) -> 876000 | Z32: =SUM(Z33:Z38) -> 2102400 | AA32: =SUM(AA33:AA38) -> 1686288 | AB32: =SUM(AB33:AB38) -> -416112 | AC32: =SUM(AC33:AC38) -> 2007840 | AD32: =SUM(AD33:AD38) -> 2783040 | AE32: =SUM(AE33:AE38) -> 2903520 | ... AG32: =SUM(AG33:AG38) -> 2400000 | AH32: =1146667*$AO$26 -> 860000.25 | AI32: =1146667*$AO$26 -> 860000.25 | AJ32: =1229998*$AO$26 -> 922498.5 | AK32: =1230000*$AO$26 -> 922500 | AL32: =1230000*$AO$26 -> 922500 | AM32: =1230000*$AO$26 -> 922500 | AN32: =1230000*$AO$26 -> 922500 | CI32: =+CI33 -> W2 | CJ32: =+CJ33 -> 175200 | CK32: =+CK33 -> 7 | CL32: =+CI32 -> W2 | CM32: =+CJ32 -> 175200 | CN32: =+CK32 -> 7 | CO32: =+CL32 -> W2 | CP32: =+CM32 -> 175200 | CQ32: =+CN32 -> 7 | CR32: =+CO32 -> W2 | CS32: =+CP32 -> 175200 | ... DI32: =+DF32 -> 7 | DW32: =IFERROR(ROUNDUP(+Y32/CA32,0),0) -> 0 | DX32: =IFERROR(ROUNDUP(+AE32/CD32,0),0) -> 0 | DY32: =IFERROR(ROUNDUP(+AF32/CG32,0),0) -> 0 | DZ32: =IFERROR(ROUNDUP(+AG32/CJ32,0),0) -> 14 | EA32: =IFERROR(ROUNDUP(+AH32/CM32,0),0) -> 5 | EB32: =IFERROR(ROUNDUP(+AI32/CP32,0),0) -> 5 | EC32: =IFERROR(ROUNDUP(+AJ32/CS32,0),0) -> 6 | ED32: =IFERROR(ROUNDUP(+AK32/CV32,0),0) -> 6 | EE32: =IFERROR(ROUNDUP(+AL32/CY32,0),0) -> 6 | EF32: =IFERROR(ROUNDUP(+AM32/DB32,0),0) -> 6 | EG32: =IFERROR(ROUNDUP(+AN32/DE32,0),0) -> 6 | EH32: =IFERROR(ROUNDUP(+#REF!/DH32,0),0) -> 0 | EJ32: =$AR32*DK32 -> 0 | EK32: =$AU32*DL32 -> 0 | EL32: =$AX32*DM32 -> 0 | EM32: =$BA32*DN32 -> 0 | EN32: =$BD32*DO32 -> 0 | EO32: =$BG32*DP32 -> 0 | EP32: =BJ32*DQ32 -> 0 | EQ32: =+BM32*DR32 -> 0 | ER32: =BP32*DS32 -> 0 | ES32: =+BS32*DT32 -> 0 | ET32: =+BV32*DU32 -> 0 | EU32: =+BY32*DV32 -> 0 | EV32: =+CB32*DW32 -> 0 | EW32: =+CE32*DX32 -> 0 | EX32: =+CH32*DY32 -> 0 | EY32: =+CK32*DZ32 -> 98 | EZ32: =+CN32*EA32 -> 35 | FA32: =+CQ32*EB32 -> 35 | FB32: =+CT32*EC32 -> 42 | FC32: =+CW32*ED32 -> 42 | FD32: =+CZ32*EE32 -> 42 | FE32: =+DC32*EF32 -> 42 | FF32: =+DF32*EG32 -> 42 | FG32: =+DI32*EH32 -> 0 | FO32: =+A32&BQ32 -> 4.5 OZ | FP32: =+A32&BT32 -> 4.5 OZ | FQ32: =+A32&BW32 -> 4.5 OZ | FR32: 0
A33: (85134) FLB CHICKEN | B33: =SUMIF(Prophix!$Q:$Q,'Fds Units'!$A33,Prophix!D:D) -> 376656 | C33: =SUMIF(Prophix!$Q:$Q,'Fds Units'!$A33,Prophix!E:E) -> 120432 | D33: =SUMIF(Prophix!$Q:$Q,'Fds Units'!$A33,Prophix!F:F) -> 802272 | E33: =SUMIF(Prophix!$Q:$Q,'Fds Units'!$A33,Prophix!G:G) -> 1867248 | F33: =SUMIF(Prophix!$Q:$Q,'Fds Units'!$A33,Prophix!H:H) -> 508992 | G33: =SUMIF(Prophix!$Q:$Q,'Fds Units'!$A33,Prophix!I:I) -> 1863168 | H33: =SUMIF(Prophix!$Q:$Q,'Fds Units'!$A33,Prophix!J:J) -> 1790352 | I33: =SUMIF(Prophix!$Q:$Q,'Fds Units'!$A33,Prophix!K:K) -> 0 | J33: =SUMIF(Prophix!$Q:$Q,'Fds Units'!$A33,Prophix!L:L) -> 0 | K33: =SUMIF(Prophix!$Q:$Q,'Fds Units'!$A33,Prophix!M:M) -> 0 | L33: 131520 | N33: 0 | O33: =L33-N33 -> 131520 | P33: 0 | Q33: 0 | R33: 353160 | S33: 124416 | T33: =S33-R33 -> -228744 | U33: 1500000 | V33: 1751304 | W33: 1260000 | X33: 1291634 | Y33: 876000 | Z33: =1226400+876000 -> 2102400 | AA33: 1686288 | AB33: =AA33-Z33 -> -416112 | AC33: 1652640 | AD33: 2427840 | AE33: 2427840 | AF33: 2457000 | AG33: =200000*10 -> 2000000 | AP33: Y4S/Y5 | AQ33: =66000*2 -> 132000 | AR33: 7 | AS33: Y4S/Y5 | AT33: 125000 | AU33: 4 | AV33: W2 | AW33: 160000 | AX33: 7 | AY33: W2 | AZ33: 200000 | BA33: 7 | BB33: W2 | BC33: 200000 | BD33: 7 | BE33: W2 | BF33: =+G33/10 -> 186316.8 | BG33: 7 | BH33: W2 | BI33: =+H33/10 -> 179035.2 | BJ33: 7 | BK33: W2 | BL33: 174960 | BM33: 7 | BN33: W2 | BO33: 200000 | BP33: 7 | BQ33: W2 | BR33: 200000 | BS33: 7 | BT33: W3 | BU33: 200000 | BV33: 7 | BW33: W2 | BX33: 200000 | BY33: 7 | BZ33: =+BW33 -> W2 | CA33: 175200 | CB33: =+BY33 -> 7 | CC33: =+BZ33 -> W2 | CD33: =+CA33 -> 175200 | CE33: =+CB33 -> 7 | CF33: =+CC33 -> W2 | CG33: =+CD33 -> 175200 | CH33: =+CE33 -> 7 | CI33: =+CF33 -> W2 | ... DI33: =+DF33 -> 7 | DK33: =IFERROR(ROUNDUP(+B33/$AQ33,0),0) -> 3 | DL33: =IFERROR(ROUNDUP(+C33/$AT33,0),0) -> 1 | DM33: =IFERROR(ROUNDUP(+D33/$AW33,0),0) -> 6 | DN33: 8 | DO33: =IFERROR(ROUNDUP(+F33/$BC33,0),0) -> 3 | DP33: =IFERROR(ROUNDUP(+G33/$BF33,0),0) -> 10 | DQ33: =IFERROR(ROUNDUP(+$H33/$BI33,0),0) -> 10 | DR33: =IFERROR(ROUNDUP(+I33/$BL33,0),0) -> 0 | DS33: =IFERROR(ROUNDUP(J33/BO33,0),0) -> 0 | DT33: =IFERROR(ROUNDUP(+K33/BR33,0),0) -> 0 | DU33: =IFERROR(ROUNDUP(+N33/BU33,0),0) -> 0 | DV33: =IFERROR(ROUNDUP(+R33/BX33,0),0) -> 2 | DW33: =IFERROR(ROUNDUP(+V33/CA33,0),0) -> 10 | DX33: =IFERROR(ROUNDUP(+Y33/CD33,0),0) -> 5 | DY33: =IFERROR(ROUNDUP(+AE33/CG33,0),0) -> 14 | DZ33: =IFERROR(ROUNDUP(+AF33/CJ33,0),0) -> 15 | EA33: =IFERROR(ROUNDUP(+AG33/CM33,0),0) -> 12 | EB33: =IFERROR(ROUNDUP(+AH33/CP33,0),0) -> 0 | EC33: =IFERROR(ROUNDUP(+AI33/CS33,0),0) -> 0 | ED33: =IFERROR(ROUNDUP(+AJ33/CV33,0),0) -> 0 | EE33: =IFERROR(ROUNDUP(+AK33/CY33,0),0) -> 0 | EF33: =IFERROR(ROUNDUP(+AL33/DB33,0),0) -> 0 | EG33: =IFERROR(ROUNDUP(+AM33/DE33,0),0) -> 0 | EH33: =IFERROR(ROUNDUP(+AN33/DH33,0),0) -> 0 | EJ33: =$AR33*DK33 -> 21 | EK33: =$AU33*DL33 -> 4 | EL33: =$AX33*DM33 -> 42 | EM33: =$BA33*DN33 -> 56 | EN33: =$BD33*DO33 -> 21 | EO33: =$BG33*DP33 -> 70 | EP33: =BJ33*DQ33 -> 70 | EQ33: =+BM33*DR33 -> 0 | ER33: =BP33*DS33 -> 0 | ES33: =+BS33*DT33 -> 0 | ET33: =+BV33*DU33 -> 0 | EU33: =+BY33*DV33 -> 14 | EV33: =+CB33*DW33 -> 70 | EW33: =+CE33*DX33 -> 35 | EX33: =+CH33*DY33 -> 98 | EY33: =+CK33*DZ33 -> 105 | EZ33: =+CN33*EA33 -> 84 | FA33: =+CQ33*EB33 -> 0 | FB33: =+CT33*EC33 -> 0 | FC33: =+CW33*ED33 -> 0 | FD33: =+CZ33*EE33 -> 0 | FE33: =+DC33*EF33 -> 0 | FF33: =+DF33*EG33 -> 0 | FG33: =+DI33*EH33 -> 0 | FO33: =+A33&BQ33 -> (85134) FLB CHICKENW2 | FP33: =+A33&BT33 -> (85134) FLB CHICKENW3 | FQ33: =+A33&BW33 -> (85134) FLB CHICKENW2 | FR33: (85134) FLB CHICKEN Total
A34: (85138) FLB BUFFALO STYLE CHICKEN | B34: =SUMIF(Prophix!$Q:$Q,'Fds Units'!$A34,Prophix!D:D) -> 0 | C34: =SUMIF(Prophix!$Q:$Q,'Fds Units'!$A34,Prophix!E:E) -> 0 | D34: =SUMIF(Prophix!$Q:$Q,'Fds Units'!$A34,Prophix!F:F) -> 0 | E34: =SUMIF(Prophix!$Q:$Q,'Fds Units'!$A34,Prophix!G:G) -> 0 | F34: =SUMIF(Prophix!$Q:$Q,'Fds Units'!$A34,Prophix!H:H) -> 352944 | G34: =SUMIF(Prophix!$Q:$Q,'Fds Units'!$A34,Prophix!I:I) -> 0 | H34: =SUMIF(Prophix!$Q:$Q,'Fds Units'!$A34,Prophix!J:J) -> 0 | I34: =SUMIF(Prophix!$Q:$Q,'Fds Units'!$A34,Prophix!K:K) -> 0 | J34: =SUMIF(Prophix!$Q:$Q,'Fds Units'!$A34,Prophix!L:L) -> 0 | K34: =SUMIF(Prophix!$Q:$Q,'Fds Units'!$A34,Prophix!M:M) -> 0 | L34: 189024 | N34: 180000 | O34: =L34-N34 -> 9024 | P34: 174000 | Q34: =P34 -> 174000 | T34: =S34-R34 -> 0 | AB34: =AA34-Z34 -> 0 | AC34: 0 | AD34: 0 | AE34: 0 | AF34: 200000 | AG34: 0 | AP34: W2 | AQ34: 200000 | AR34: 7 | AS34: W2 | AT34: 200000 | AU34: 7 | AV34: W2 | AW34: 200000 | AX34: 7 | AY34: W2 | AZ34: 200000 | BA34: 7 | BB34: W2 | BC34: 200000 | BD34: 7 | BE34: W2 | BF34: 200000 | BG34: 7 | BH34: W2 | BI34: 200000 | BJ34: 7 | BK34: W2 | BL34: 200000 | BM34: 7 | BN34: W2 | BO34: 200000 | BP34: 7 | BQ34: W2 | BR34: =+BO34 -> 200000 | BS34: 7 | BT34: W2 | BU34: 200000 | BV34: 7 | BW34: W2 | BX34: 200000 | BY34: 7 | BZ34: =+BW34 -> W2 | CA34: 175200 | CB34: =+BY34 -> 7 | CC34: =+BZ34 -> W2 | CD34: =+CA34 -> 175200 | CE34: =+CB34 -> 7 | CF34: =+CC34 -> W2 | CG34: =+CD34 -> 175200 | CH34: =+CE34 -> 7 | CI34: =+CF34 -> W2 | ... DI34: =+DF34 -> 7 | DK34: =IFERROR(ROUNDUP(+B34/$AQ34,0),0) -> 0 | DL34: =IFERROR(ROUNDUP(+C34/$AT34,0),0) -> 0 | DM34: =IFERROR(ROUNDUP(+D34/$AW34,0),0) -> 0 | DN34: =IFERROR(ROUNDUP(+E34/$AZ34,0),0) -> 0 | DO34: =IFERROR(ROUNDUP(+F34/$BC34,0),0) -> 2 | DP34: =IFERROR(ROUNDUP(+G34/$BF34,0),0) -> 0 | DQ34: =IFERROR(ROUNDUP(+$H34/$BI34,0),0) -> 0 | DR34: =IFERROR(ROUNDUP(+I34/$BL34,0),0) -> 0 | DS34: =IFERROR(ROUNDUP(J34/BO34,0),0) -> 0 | DT34: =IFERROR(ROUNDUP(+K34/BR34,0),0) -> 0 | DU34: 1 | DV34: =IFERROR(ROUNDUP(+R34/BX34,0),0) -> 0 | DW34: =IFERROR(ROUNDUP(+V34/CA34,0),0) -> 0 | DX34: =IFERROR(ROUNDUP(+Y34/CD34,0),0) -> 0 | DY34: =IFERROR(ROUNDUP(+AE34/CG34,0),0) -> 0 | DZ34: =IFERROR(ROUNDUP(+AF34/CJ34,0),0) -> 2 | EA34: =IFERROR(ROUNDUP(+AG34/CM34,0),0) -> 0 | EB34: =IFERROR(ROUNDUP(+AH34/CP34,0),0) -> 0 | EC34: =IFERROR(ROUNDUP(+AI34/CS34,0),0) -> 0 | ED34: =IFERROR(ROUNDUP(+AJ34/CV34,0),0) -> 0 | EE34: =IFERROR(ROUNDUP(+AK34/CY34,0),0) -> 0 | EF34: =IFERROR(ROUNDUP(+AL34/DB34,0),0) -> 0 | EG34: =IFERROR(ROUNDUP(+AM34/DE34,0),0) -> 0 | EH34: =IFERROR(ROUNDUP(+AN34/DH34,0),0) -> 0 | EJ34: =$AR34*DK34 -> 0 | EK34: =$AU34*DL34 -> 0 | EL34: =$AX34*DM34 -> 0 | EM34: =$BA34*DN34 -> 0 | EN34: =$BD34*DO34 -> 14 | EO34: =$BG34*DP34 -> 0 | EP34: =BJ34*DQ34 -> 0 | EQ34: =+BM34*DR34 -> 0 | ER34: =BP34*DS34 -> 0 | ES34: =+BS34*DT34 -> 0 | ET34: =+BV34*DU34 -> 7 | EU34: =+BY34*DV34 -> 0 | EV34: =+CB34*DW34 -> 0 | EW34: =+CE34*DX34 -> 0 | EX34: =+CH34*DY34 -> 0 | EY34: =+CK34*DZ34 -> 14 | EZ34: =+CN34*EA34 -> 0 | FA34: =+CQ34*EB34 -> 0 | FB34: =+CT34*EC34 -> 0 | FC34: =+CW34*ED34 -> 0 | FD34: =+CZ34*EE34 -> 0 | FE34: =+DC34*EF34 -> 0 | FF34: =+DF34*EG34 -> 0 | FG34: =+DI34*EH34 -> 0 | FO34: =+A34&BQ34 -> (85138) FLB BUFFALO STYLE CHICKENW2 | FP34: =+A34&BT34 -> (85138) FLB BUFFALO STYLE CHICKENW2 | FQ34: =+A34&BW34 -> (85138) FLB BUFFALO STYLE CHICKENW2 | FR34: 0
A35: (85206) FLB CHICKEN SALAD | B35: =SUMIF(Prophix!$Q:$Q,'Fds Units'!$A35,Prophix!D:D) -> 239616 | C35: =SUMIF(Prophix!$Q:$Q,'Fds Units'!$A35,Prophix!E:E) -> 0 | D35: =SUMIF(Prophix!$Q:$Q,'Fds Units'!$A35,Prophix!F:F) -> 0 | E35: =SUMIF(Prophix!$Q:$Q,'Fds Units'!$A35,Prophix!G:G) -> 0 | F35: =SUMIF(Prophix!$Q:$Q,'Fds Units'!$A35,Prophix!H:H) -> 296064 | G35: =SUMIF(Prophix!$Q:$Q,'Fds Units'!$A35,Prophix!I:I) -> 0 | H35: =SUMIF(Prophix!$Q:$Q,'Fds Units'!$A35,Prophix!J:J) -> 0 | I35: =SUMIF(Prophix!$Q:$Q,'Fds Units'!$A35,Prophix!K:K) -> 0 | J35: =SUMIF(Prophix!$Q:$Q,'Fds Units'!$A35,Prophix!L:L) -> 0 | K35: =SUMIF(Prophix!$Q:$Q,'Fds Units'!$A35,Prophix!M:M) -> 0 | L35: 348960 | N35: 360000 | O35: =L35-N35 -> -11040 | Q35: 0 | T35: =S35-R35 -> 0 | AB35: =AA35-Z35 -> 0 | AC35: 0 | AD35: 0 | AE35: 0 | AF35: 200000 | AG35: 200000 | AP35: Y4S/Y5 | AQ35: 120000 | AR35: 5 | AS35: W2 | AT35: 200000 | AU35: 7 | AV35: W2 | AW35: 200000 | AX35: 7 | AY35: W2 | AZ35: 200000 | BA35: 7 | BB35: W2 | BC35: 200000 | BD35: 7 | BE35: W2 | BF35: 200000 | BG35: 7 | BH35: W2 | BI35: 200000 | BJ35: 7 | BK35: W2 | BL35: 200000 | BM35: 7 | BN35: W2 | BO35: 200000 | BP35: 7 | BQ35: W2 | BR35: =+BO35 -> 200000 | BS35: 7 | BT35: W2 | BU35: 200000 | BV35: 7 | BW35: W2 | BX35: 200000 | BY35: 7 | BZ35: =+BW35 -> W2 | CA35: 175200 | CB35: =+BY35 -> 7 | CC35: =+BZ35 -> W2 | CD35: =+CA35 -> 175200 | CE35: =+CB35 -> 7 | CF35: =+CC35 -> W2 | CG35: =+CD35 -> 175200 | CH35: =+CE35 -> 7 | CI35: =+CF35 -> W2 | ... DI35: =+DF35 -> 7 | DK35: =IFERROR(ROUNDUP(+B35/$AQ35,0),0) -> 2 | DL35: =IFERROR(ROUNDUP(+C35/$AT35,0),0) -> 0 | DM35: =IFERROR(ROUNDUP(+D35/$AW35,0),0) -> 0 | DN35: =IFERROR(ROUNDUP(+E35/$AZ35,0),0) -> 0 | DO35: =IFERROR(ROUNDUP(+F35/$BC35,0),0) -> 2 | DP35: =IFERROR(ROUNDUP(+G35/$BF35,0),0) -> 0 | DQ35: =IFERROR(ROUNDUP(+$H35/$BI35,0),0) -> 0 | DR35: =IFERROR(ROUNDUP(+I35/$BL35,0),0) -> 0 | DS35: =IFERROR(ROUNDUP(J35/BO35,0),0) -> 0 | DT35: =IFERROR(ROUNDUP(+K35/BR35,0),0) -> 0 | DU35: 2 | DV35: =IFERROR(ROUNDUP(+R35/BX35,0),0) -> 0 | DW35: =IFERROR(ROUNDUP(+V35/CA35,0),0) -> 0 | DX35: =IFERROR(ROUNDUP(+Y35/CD35,0),0) -> 0 | DY35: =IFERROR(ROUNDUP(+AE35/CG35,0),0) -> 0 | DZ35: =IFERROR(ROUNDUP(+AF35/CJ35,0),0) -> 2 | EA35: =IFERROR(ROUNDUP(+AG35/CM35,0),0) -> 2 | EB35: =IFERROR(ROUNDUP(+AH35/CP35,0),0) -> 0 | EC35: =IFERROR(ROUNDUP(+AI35/CS35,0),0) -> 0 | ED35: =IFERROR(ROUNDUP(+AJ35/CV35,0),0) -> 0 | EE35: =IFERROR(ROUNDUP(+AK35/CY35,0),0) -> 0 | EF35: =IFERROR(ROUNDUP(+AL35/DB35,0),0) -> 0 | EG35: =IFERROR(ROUNDUP(+AM35/DE35,0),0) -> 0 | EH35: =IFERROR(ROUNDUP(+AN35/DH35,0),0) -> 0 | EJ35: =$AR35*DK35 -> 10 | EK35: =$AU35*DL35 -> 0 | EL35: =$AX35*DM35 -> 0 | EM35: =$BA35*DN35 -> 0 | EN35: =$BD35*DO35 -> 14 | EO35: =$BG35*DP35 -> 0 | EP35: =BJ35*DQ35 -> 0 | EQ35: =+BM35*DR35 -> 0 | ER35: =BP35*DS35 -> 0 | ES35: =+BS35*DT35 -> 0 | ET35: =+BV35*DU35 -> 14 | EU35: =+BY35*DV35 -> 0 | EV35: =+CB35*DW35 -> 0 | EW35: =+CE35*DX35 -> 0 | EX35: =+CH35*DY35 -> 0 | EY35: =+CK35*DZ35 -> 14 | EZ35: =+CN35*EA35 -> 14 | FA35: =+CQ35*EB35 -> 0 | FB35: =+CT35*EC35 -> 0 | FC35: =+CW35*ED35 -> 0 | FD35: =+CZ35*EE35 -> 0 | FE35: =+DC35*EF35 -> 0 | FF35: =+DF35*EG35 -> 0 | FG35: =+DI35*EH35 -> 0 | FO35: =+A35&BQ35 -> (85206) FLB CHICKEN SALADW2 | FP35: =+A35&BT35 -> (85206) FLB CHICKEN SALADW2 | FQ35: =+A35&BW35 -> (85206) FLB CHICKEN SALADW2 | FR35: (85206) FLB CHICKEN SALAD Total
A36: (85207) FLB BBQ WHITE CHICKEN | B36: =SUMIF(Prophix!$Q:$Q,'Fds Units'!$A36,Prophix!D:D) -> 207072 | C36: =SUMIF(Prophix!$Q:$Q,'Fds Units'!$A36,Prophix!E:E) -> 0 | D36: =SUMIF(Prophix!$Q:$Q,'Fds Units'!$A36,Prophix!F:F) -> 146976 | E36: =SUMIF(Prophix!$Q:$Q,'Fds Units'!$A36,Prophix!G:G) -> 0 | F36: =SUMIF(Prophix!$Q:$Q,'Fds Units'!$A36,Prophix!H:H) -> 177504 | G36: =SUMIF(Prophix!$Q:$Q,'Fds Units'!$A36,Prophix!I:I) -> 0 | H36: =SUMIF(Prophix!$Q:$Q,'Fds Units'!$A36,Prophix!J:J) -> 367488 | I36: =SUMIF(Prophix!$Q:$Q,'Fds Units'!$A36,Prophix!K:K) -> 0 | J36: =SUMIF(Prophix!$Q:$Q,'Fds Units'!$A36,Prophix!L:L) -> 0 | K36: =SUMIF(Prophix!$Q:$Q,'Fds Units'!$A36,Prophix!M:M) -> 0 | L36: 132576 | N36: 0 | O36: =L36-N36 -> 132576 | P36: 174000 | Q36: =P36 -> 174000 | R36: 150000 | S36: 280056 | T36: =S36-R36 -> 130056 | W36: 180000 | AB36: =AA36-Z36 -> 0 | AC36: 180000 | AD36: 180000 | AE36: 300480 | AF36: 0 | AG36: 200000 | AP36: Y4S/Y5 | AQ36: 120000 | AR36: 5 | AS36: W2 | AT36: 200000 | AU36: 7 | AV36: W2 | AW36: 200000 | AX36: 7 | AY36: W2 | AZ36: 200000 | BA36: 7 | BB36: W2 | BC36: 200000 | BD36: 7 | BE36: W2 | BF36: 200000 | BG36: 7 | BH36: W2 | BI36: =+H36/2 -> 183744 | BJ36: 7 | BK36: W2 | BL36: 200000 | BM36: 7 | BN36: W2 | BO36: 200000 | BP36: 7 | BQ36: W2 | BR36: 200000 | BS36: 7 | BT36: W2 | BU36: 200000 | BV36: 7 | BW36: W2 | BX36: 200000 | BY36: 7 | BZ36: =+BW36 -> W2 | CA36: 175200 | CB36: =+BY36 -> 7 | CC36: =+BZ36 -> W2 | CD36: =+CA36 -> 175200 | CE36: =+CB36 -> 7 | CF36: =+CC36 -> W2 | CG36: =+CD36 -> 175200 | CH36: =+CE36 -> 7 | CI36: =+CF36 -> W2 | ... DI36: =+DF36 -> 7 | DK36: =IFERROR(ROUNDUP(+B36/$AQ36,0),0) -> 2 | DL36: =IFERROR(ROUNDUP(+C36/$AT36,0),0) -> 0 | DM36: =IFERROR(ROUNDUP(+D36/$AW36,0),0) -> 1 | DN36: =IFERROR(ROUNDUP(+E36/$AZ36,0),0) -> 0 | DO36: =IFERROR(ROUNDUP(+F36/$BC36,0),0) -> 1 | DP36: =IFERROR(ROUNDUP(+G36/$BF36,0),0) -> 0 | DQ36: =IFERROR(ROUNDUP(+$H36/$BI36,0),0) -> 2 | DR36: =IFERROR(ROUNDUP(+I36/$BL36,0),0) -> 0 | DS36: =IFERROR(ROUNDUP(J36/BO36,0),0) -> 0 | DT36: =IFERROR(ROUNDUP(+K36/BR36,0),0) -> 0 | DU36: =IFERROR(ROUNDUP(+N36/BU36,0),0) -> 0 | DV36: =IFERROR(ROUNDUP(+R36/BX36,0),0) -> 1 | DW36: =IFERROR(ROUNDUP(+V36/CA36,0),0) -> 0 | DX36: =IFERROR(ROUNDUP(+Y36/CD36,0),0) -> 0 | DY36: =IFERROR(ROUNDUP(+AE36/CG36,0),0) -> 2 | DZ36: =IFERROR(ROUNDUP(+AF36/CJ36,0),0) -> 0 | EA36: =IFERROR(ROUNDUP(+AG36/CM36,0),0) -> 2 | EB36: =IFERROR(ROUNDUP(+AH36/CP36,0),0) -> 0 | EC36: =IFERROR(ROUNDUP(+AI36/CS36,0),0) -> 0 | ED36: =IFERROR(ROUNDUP(+AJ36/CV36,0),0) -> 0 | EE36: =IFERROR(ROUNDUP(+AK36/CY36,0),0) -> 0 | EF36: =IFERROR(ROUNDUP(+AL36/DB36,0),0) -> 0 | EG36: =IFERROR(ROUNDUP(+AM36/DE36,0),0) -> 0 | EH36: =IFERROR(ROUNDUP(+AN36/DH36,0),0) -> 0 | EJ36: =$AR36*DK36 -> 10 | EK36: =$AU36*DL36 -> 0 | EL36: =$AX36*DM36 -> 7 | EM36: =$BA36*DN36 -> 0 | EN36: =$BD36*DO36 -> 7 | EO36: =$BG36*DP36 -> 0 | EP36: =BJ36*DQ36 -> 14 | EQ36: =+BM36*DR36 -> 0 | ER36: =BP36*DS36 -> 0 | ES36: =+BS36*DT36 -> 0 | ET36: =+BV36*DU36 -> 0 | EU36: =+BY36*DV36 -> 7 | EV36: =+CB36*DW36 -> 0 | EW36: =+CE36*DX36 -> 0 | EX36: =+CH36*DY36 -> 14 | EY36: =+CK36*DZ36 -> 0 | EZ36: =+CN36*EA36 -> 14 | FA36: =+CQ36*EB36 -> 0 | FB36: =+CT36*EC36 -> 0 | FC36: =+CW36*ED36 -> 0 | FD36: =+CZ36*EE36 -> 0 | FE36: =+DC36*EF36 -> 0 | FF36: =+DF36*EG36 -> 0 | FG36: =+DI36*EH36 -> 0 | FO36: =+A36&BQ36 -> (85207) FLB BBQ WHITE CHICKENW2 | FP36: =+A36&BT36 -> (85207) FLB BBQ WHITE CHICKENW2 | FQ36: =+A36&BW36 -> (85207) FLB BBQ WHITE CHICKENW2 | FR36: (85207) FLB BBQ WHITE CHICKEN Total
A37: (85208) FLB BBQ SAUCE W/BEEF | B37: =SUMIF(Prophix!$Q:$Q,'Fds Units'!$A37,Prophix!D:D) -> 89760 | C37: =SUMIF(Prophix!$Q:$Q,'Fds Units'!$A37,Prophix!E:E) -> 0 | D37: =SUMIF(Prophix!$Q:$Q,'Fds Units'!$A37,Prophix!F:F) -> 0 | E37: =SUMIF(Prophix!$Q:$Q,'Fds Units'!$A37,Prophix!G:G) -> 0 | F37: =SUMIF(Prophix!$Q:$Q,'Fds Units'!$A37,Prophix!H:H) -> 0 | G37: =SUMIF(Prophix!$Q:$Q,'Fds Units'!$A37,Prophix!I:I) -> 0 | H37: =SUMIF(Prophix!$Q:$Q,'Fds Units'!$A37,Prophix!J:J) -> 0 | I37: =SUMIF(Prophix!$Q:$Q,'Fds Units'!$A37,Prophix!K:K) -> 0 | J37: =SUMIF(Prophix!$Q:$Q,'Fds Units'!$A37,Prophix!L:L) -> 0 | K37: =SUMIF(Prophix!$Q:$Q,'Fds Units'!$A37,Prophix!M:M) -> 0 | L37: 0 | N37: =SUMIF(Schedule!$R:$R,$FP37,Schedule!P:P) -> 0 | O37: =L37-N37 -> 0 | Q37: =+P37-O37 -> 0 | T37: =S37-R37 -> 0 | AB37: =AA37-Z37 -> 0 | AC37: 0 | AD37: 0 | AE37: 0 | AF37: 200000 | AG37: 0 | AP37: Y4S/Y5 | AQ37: 90000 | AR37: 4 | AS37: W2 | AT37: 200000 | AU37: 7 | AV37: W2 | AW37: 200000 | AX37: 7 | AY37: W2 | AZ37: 200000 | BA37: 7 | BB37: W2 | BC37: 200000 | BD37: 7 | BE37: W2 | BF37: 200000 | BG37: 7 | BH37: W2 | BI37: 200000 | BJ37: 7 | BK37: W2 | BL37: 200000 | BM37: 7 | BN37: W2 | BO37: 200000 | BP37: 7 | BQ37: W2 | BR37: 200000 | BS37: 7 | BT37: W2 | BU37: 200000 | BV37: 7 | BW37: W2 | BX37: 200000 | BY37: 7 | BZ37: =+BW37 -> W2 | CA37: 175200 | CB37: =+BY37 -> 7 | CC37: =+BZ37 -> W2 | CD37: =+CA37 -> 175200 | CE37: =+CB37 -> 7 | CF37: =+CC37 -> W2 | CG37: =+CD37 -> 175200 | CH37: =+CE37 -> 7 | CI37: =+CF37 -> W2 | ... DI37: =+DF37 -> 7 | DK37: =IFERROR(ROUNDUP(+B37/$AQ37,0),0) -> 1 | DL37: =IFERROR(ROUNDUP(+C37/$AT37,0),0) -> 0 | DM37: =IFERROR(ROUNDUP(+D37/$AW37,0),0) -> 0 | DN37: =IFERROR(ROUNDUP(+E37/$AZ37,0),0) -> 0 | DO37: =IFERROR(ROUNDUP(+F37/$BC37,0),0) -> 0 | DP37: =IFERROR(ROUNDUP(+G37/$BF37,0),0) -> 0 | DQ37: =IFERROR(ROUNDUP(+$H37/$BI37,0),0) -> 0 | DR37: =IFERROR(ROUNDUP(+I37/$BL37,0),0) -> 0 | DS37: =IFERROR(ROUNDUP(J37/BO37,0),0) -> 0 | DT37: =IFERROR(ROUNDUP(+K37/BR37,0),0) -> 0 | DU37: 1 | DV37: =IFERROR(ROUNDUP(+R37/BX37,0),0) -> 0 | DW37: =IFERROR(ROUNDUP(+V37/CA37,0),0) -> 0 | DX37: =IFERROR(ROUNDUP(+Y37/CD37,0),0) -> 0 | DY37: =IFERROR(ROUNDUP(+AE37/CG37,0),0) -> 0 | DZ37: =IFERROR(ROUNDUP(+AF37/CJ37,0),0) -> 2 | EA37: =IFERROR(ROUNDUP(+AG37/CM37,0),0) -> 0 | EB37: =IFERROR(ROUNDUP(+AH37/CP37,0),0) -> 0 | EC37: =IFERROR(ROUNDUP(+AI37/CS37,0),0) -> 0 | ED37: =IFERROR(ROUNDUP(+AJ37/CV37,0),0) -> 0 | EE37: =IFERROR(ROUNDUP(+AK37/CY37,0),0) -> 0 | EF37: =IFERROR(ROUNDUP(+AL37/DB37,0),0) -> 0 | EG37: =IFERROR(ROUNDUP(+AM37/DE37,0),0) -> 0 | EH37: =IFERROR(ROUNDUP(+AN37/DH37,0),0) -> 0 | EJ37: =$AR37*DK37 -> 4 | EK37: =$AU37*DL37 -> 0 | EL37: =$AX37*DM37 -> 0 | EM37: =$BA37*DN37 -> 0 | EN37: =$BD37*DO37 -> 0 | EO37: =$BG37*DP37 -> 0 | EP37: =BJ37*DQ37 -> 0 | EQ37: =+BM37*DR37 -> 0 | ER37: =BP37*DS37 -> 0 | ES37: =+BS37*DT37 -> 0 | ET37: =+BV37*DU37 -> 7 | EU37: =+BY37*DV37 -> 0 | EV37: =+CB37*DW37 -> 0 | EW37: =+CE37*DX37 -> 0 | EX37: =+CH37*DY37 -> 0 | EY37: =+CK37*DZ37 -> 14 | EZ37: =+CN37*EA37 -> 0 | FA37: =+CQ37*EB37 -> 0 | FB37: =+CT37*EC37 -> 0 | FC37: =+CW37*ED37 -> 0 | FD37: =+CZ37*EE37 -> 0 | FE37: =+DC37*EF37 -> 0 | FF37: =+DF37*EG37 -> 0 | FG37: =+DI37*EH37 -> 0 | FO37: =+A37&BQ37 -> (85208) FLB BBQ SAUCE W/BEEFW2 | FP37: =+A37&BT37 -> (85208) FLB BBQ SAUCE W/BEEFW2 | FQ37: =+A37&BW37 -> (85208) FLB BBQ SAUCE W/BEEFW2 | FR37: 0
A38: (85218) FLB POLLO ASADO | B38: =SUMIF(Prophix!$Q:$Q,'Fds Units'!$A38,Prophix!D:D) -> 0 | C38: =SUMIF(Prophix!$Q:$Q,'Fds Units'!$A38,Prophix!E:E) -> 0 | D38: =SUMIF(Prophix!$Q:$Q,'Fds Units'!$A38,Prophix!F:F) -> 0 | E38: =SUMIF(Prophix!$Q:$Q,'Fds Units'!$A38,Prophix!G:G) -> 0 | F38: =SUMIF(Prophix!$Q:$Q,'Fds Units'!$A38,Prophix!H:H) -> 0 | G38: =SUMIF(Prophix!$Q:$Q,'Fds Units'!$A38,Prophix!I:I) -> 361056 | H38: =SUMIF(Prophix!$Q:$Q,'Fds Units'!$A38,Prophix!J:J) -> 0 | I38: =SUMIF(Prophix!$Q:$Q,'Fds Units'!$A38,Prophix!K:K) -> 0 | J38: =SUMIF(Prophix!$Q:$Q,'Fds Units'!$A38,Prophix!L:L) -> 0 | K38: =SUMIF(Prophix!$Q:$Q,'Fds Units'!$A38,Prophix!M:M) -> 0 | L38: 176640 | N38: 174960 | O38: =L38-N38 -> 1680 | Q38: 0 | T38: =S38-R38 -> 0 | AB38: =AA38-Z38 -> 0 | AC38: 175200 | AD38: 175200 | AE38: 175200 | AF38: 0 | AG38: 0 | AP38: Y4S/Y5 | AQ38: 90000 | AR38: 4 | AS38: W2 | AT38: 200000 | AU38: 7 | AV38: W2 | AW38: 200000 | AX38: 7 | AY38: W2 | AZ38: 200000 | BA38: 7 | BB38: W2 | BC38: 200000 | BD38: 7 | BE38: W2 | BF38: =+G38/2 -> 180528 | BG38: 7 | BH38: W2 | BI38: 200000 | BJ38: 7 | BK38: W2 | BL38: 200000 | BM38: 7 | BN38: W2 | BO38: 200000 | BP38: 7 | BQ38: W2 | BR38: 200000 | BS38: 7 | BT38: W2 | BU38: 200000 | BV38: 7 | BW38: W2 | BX38: 200000 | BY38: 7 | BZ38: =+BW38 -> W2 | CA38: 175200 | CB38: =+BY38 -> 7 | CC38: =+BZ38 -> W2 | CD38: =+CA38 -> 175200 | CE38: =+CB38 -> 7 | CF38: =+CC38 -> W2 | CG38: =+CD38 -> 175200 | CH38: =+CE38 -> 7 | CI38: =+CF38 -> W2 | ... DI38: =+DF38 -> 7 | DK38: =IFERROR(ROUNDUP(+B38/$AQ38,0),0) -> 0 | DL38: =IFERROR(ROUNDUP(+C38/$AT38,0),0) -> 0 | DM38: =IFERROR(ROUNDUP(+D38/$AW38,0),0) -> 0 | DN38: =IFERROR(ROUNDUP(+E38/$AZ38,0),0) -> 0 | DO38: =IFERROR(ROUNDUP(+F38/$BC38,0),0) -> 0 | DP38: =IFERROR(ROUNDUP(+G38/$BF38,0),0) -> 2 | DQ38: =IFERROR(ROUNDUP(+$H38/$BI38,0),0) -> 0 | DR38: =IFERROR(ROUNDUP(+I38/$BL38,0),0) -> 0 | DS38: =IFERROR(ROUNDUP(J38/BO38,0),0) -> 0 | DT38: =IFERROR(ROUNDUP(+K38/BR38,0),0) -> 0 | DU38: 1 | DV38: =IFERROR(ROUNDUP(+R38/BX38,0),0) -> 0 | DW38: =IFERROR(ROUNDUP(+V38/CA38,0),0) -> 0 | DX38: =IFERROR(ROUNDUP(+Y38/CD38,0),0) -> 0 | DY38: =IFERROR(ROUNDUP(+AE38/CG38,0),0) -> 1 | DZ38: =IFERROR(ROUNDUP(+AF38/CJ38,0),0) -> 0 | EA38: =IFERROR(ROUNDUP(+AG38/CM38,0),0) -> 0 | EB38: =IFERROR(ROUNDUP(+AH38/CP38,0),0) -> 0 | EC38: =IFERROR(ROUNDUP(+AI38/CS38,0),0) -> 0 | ED38: =IFERROR(ROUNDUP(+AJ38/CV38,0),0) -> 0 | EE38: =IFERROR(ROUNDUP(+AK38/CY38,0),0) -> 0 | EF38: =IFERROR(ROUNDUP(+AL38/DB38,0),0) -> 0 | EG38: =IFERROR(ROUNDUP(+AM38/DE38,0),0) -> 0 | EH38: =IFERROR(ROUNDUP(+AN38/DH38,0),0) -> 0 | EJ38: =$AR38*DK38 -> 0 | EK38: =$AU38*DL38 -> 0 | EL38: =$AX38*DM38 -> 0 | EM38: =$BA38*DN38 -> 0 | EN38: =$BD38*DO38 -> 0 | EO38: =$BG38*DP38 -> 14 | EP38: =BJ38*DQ38 -> 0 | EQ38: =+BM38*DR38 -> 0 | ER38: =BP38*DS38 -> 0 | ES38: =+BS38*DT38 -> 0 | ET38: =+BV38*DU38 -> 7 | EU38: =+BY38*DV38 -> 0 | EV38: =+CB38*DW38 -> 0 | EW38: =+CE38*DX38 -> 0 | EX38: =+CH38*DY38 -> 7 | EY38: =+CK38*DZ38 -> 0 | EZ38: =+CN38*EA38 -> 0 | FA38: =+CQ38*EB38 -> 0 | FB38: =+CT38*EC38 -> 0 | FC38: =+CW38*ED38 -> 0 | FD38: =+CZ38*EE38 -> 0 | FE38: =+DC38*EF38 -> 0 | FF38: =+DF38*EG38 -> 0 | FG38: =+DI38*EH38 -> 0 | FO38: =+A38&BQ38 -> (85218) FLB POLLO ASADOW2 | FP38: =+A38&BT38 -> (85218) FLB POLLO ASADOW2 | FQ38: =+A38&BW38 -> (85218) FLB POLLO ASADOW2 | FR38: (85218) POLLO ASADO 4.5 OZ
A39: 8 OZ | B39: =SUM(B40:B44) -> 312864 | C39: =SUM(C40:C44) -> 154344 | D39: =SUM(D40:D44) -> 664968 | E39: =SUM(E40:E44) -> 833232 | F39: =SUM(F40:F44) -> 1037520 | G39: =SUM(G40:G44) -> 813912 | H39: =SUM(H40:H44) -> 286344 | I39: =SUM(I40:I44) -> 0 | ... V39: =SUM(V40:V44) -> 570000 | W39: 720000 | X39: =SUM(X40:X44) -> 154472 | Y39: =SUM(Y40:Y44) -> 1497600 | Z39: =SUM(Z40:Z44) -> 1576800 | AA39: =SUM(AA40:AA44) -> 1129008 | AB39: =SUM(AB40:AB44) -> -447792 | AC39: =SUM(AC40:AC44) -> 720000 | AD39: =SUM(AD40:AD44) -> 895200 | AE39: =SUM(AE40:AE44) -> 895200 | ... AG39: =SUM(AG40:AG44) -> 875000 | AH39: =435312*$AO$26 -> 326484 | AI39: =435312*$AO$26 -> 326484 | AJ39: =435312*$AO$26 -> 326484 | AK39: =435312*$AO$26 -> 326484 | AL39: =435312*$AO$26 -> 326484 | AM39: =435312*$AO$26 -> 326484 | AN39: =435312*$AO$26 -> 326484 | CI39: =+CI40 -> W3 | CJ39: =+CJ40 -> 175200 | CK39: =+CK40 -> 7 | CL39: =+CI39 -> W3 | CM39: =+CJ39 -> 175200 | CN39: =+CK39 -> 7 | CO39: =+CL39 -> W3 | CP39: =+CM39 -> 175200 | CQ39: =+CN39 -> 7 | CR39: =+CO39 -> W3 | CS39: =+CP39 -> 175200 | ... DI39: =+DF39 -> 7 | DW39: =IFERROR(ROUNDUP(+Y39/CA39,0),0) -> 0 | DX39: =IFERROR(ROUNDUP(+AE39/CD39,0),0) -> 0 | DY39: =IFERROR(ROUNDUP(+AF39/CG39,0),0) -> 0 | DZ39: =IFERROR(ROUNDUP(+AG39/CJ39,0),0) -> 5 | EA39: =IFERROR(ROUNDUP(+AH39/CM39,0),0) -> 2 | EB39: =IFERROR(ROUNDUP(+AI39/CP39,0),0) -> 2 | EC39: =IFERROR(ROUNDUP(+AJ39/CS39,0),0) -> 2 | ED39: =IFERROR(ROUNDUP(+AK39/CV39,0),0) -> 2 | EE39: =IFERROR(ROUNDUP(+AL39/CY39,0),0) -> 2 | EF39: =IFERROR(ROUNDUP(+AM39/DB39,0),0) -> 2 | EG39: =IFERROR(ROUNDUP(+AN39/DE39,0),0) -> 2 | EH39: =IFERROR(ROUNDUP(+#REF!/DH39,0),0) -> 0 | EJ39: =$AR39*DK39 -> 0 | EK39: =$AU39*DL39 -> 0 | EL39: =$AX39*DM39 -> 0 | EM39: =$BA39*DN39 -> 0 | EN39: =$BD39*DO39 -> 0 | EO39: =$BG39*DP39 -> 0 | EP39: =BJ39*DQ39 -> 0 | EQ39: =+BM39*DR39 -> 0 | ER39: =BP39*DS39 -> 0 | ES39: =+BS39*DT39 -> 0 | ET39: =+BV39*DU39 -> 0 | EU39: =+BY39*DV39 -> 0 | EV39: =+CB39*DW39 -> 0 | EW39: =+CE39*DX39 -> 0 | EX39: =+CH39*DY39 -> 0 | EY39: =+CK39*DZ39 -> 35 | EZ39: =+CN39*EA39 -> 14 | FA39: =+CQ39*EB39 -> 14 | FB39: =+CT39*EC39 -> 14 | FC39: =+CW39*ED39 -> 14 | FD39: =+CZ39*EE39 -> 14 | FE39: =+DC39*EF39 -> 14 | FF39: =+DF39*EG39 -> 14 | FG39: =+DI39*EH39 -> 0 | FO39: =+A39&BQ39 -> 8 OZ | FP39: =+A39&BT39 -> 8 OZ | FQ39: =+A39&BW39 -> 8 OZ | FR39: 0
A40: (85120) FLB SPAGHETTI W/MEAT SAUCE | B40: =SUMIF(Prophix!$Q:$Q,'Fds Units'!$A40,Prophix!D:D) -> 0 | C40: =SUMIF(Prophix!$Q:$Q,'Fds Units'!$A40,Prophix!E:E) -> 0 | D40: =SUMIF(Prophix!$Q:$Q,'Fds Units'!$A40,Prophix!F:F) -> 0 | E40: =SUMIF(Prophix!$Q:$Q,'Fds Units'!$A40,Prophix!G:G) -> 0 | F40: =SUMIF(Prophix!$Q:$Q,'Fds Units'!$A40,Prophix!H:H) -> 89112 | G40: =SUMIF(Prophix!$Q:$Q,'Fds Units'!$A40,Prophix!I:I) -> 93192 | H40: =SUMIF(Prophix!$Q:$Q,'Fds Units'!$A40,Prophix!J:J) -> 99288 | I40: =SUMIF(Prophix!$Q:$Q,'Fds Units'!$A40,Prophix!K:K) -> 0 | J40: =SUMIF(Prophix!$Q:$Q,'Fds Units'!$A40,Prophix!L:L) -> 176832 | K40: =SUMIF(Prophix!$Q:$Q,'Fds Units'!$A40,Prophix!M:M) -> 0 | L40: =_xlfn.XLOOKUP(FO40,Schedule!Z:Z,Schedule!Y:Y,0) -> 0 | M40: 360000 | N40: =SUMIF(Schedule!$R:$R,$FP40,Schedule!P:P) -> 0 | O40: =L40-N40 -> 0 | P40: 180000 | Q40: =+P40-O40 -> 180000 | R40: 279984 | S40: 239376 | T40: =S40-R40 -> -40608 | AB40: =AA40-Z40 -> 0 | AC40: 0 | AD40: 175200 | AE40: 175200 | AF40: 149100 | AG40: 0 | AP40: Y4S/Y5 | AQ40: 100000 | AR40: 4 | AS40: Y4S/Y5 | AT40: 100000 | AU40: 4 | AV40: Y4S/Y5 | AW40: 100000 | AX40: 4 | AY40: Y4S/Y5 | AZ40: 100000 | BA40: 4 | BB40: Y4S/Y5 | BC40: 100008 | BD40: 4 | BE40: Y4S/Y5 | BF40: =+G40/1 -> 93192 | BG40: 4 | BH40: Y4S/Y5 | BI40: =+H40/1 -> 99288 | BJ40: 4 | BK40: W2 | BL40: 200000 | BM40: 7 | BN40: W2 | BO40: 200000 | BP40: 7 | BQ40: W2 | BR40: 200000 | BS40: 7 | BT40: W2 | BU40: 200000 | BV40: 7 | BW40: W3 | BX40: 175000 | BY40: 7 | BZ40: W3 | CA40: 175200 | CB40: =+BY40 -> 7 | CC40: =+BZ40 -> W3 | CD40: =+CA40 -> 175200 | CE40: =+CB40 -> 7 | CF40: =+CC40 -> W3 | CG40: =+CD40 -> 175200 | CH40: =+CE40 -> 7 | CI40: =+CF40 -> W3 | ... DI40: =+DF40 -> 7 | DK40: =IFERROR(ROUNDUP(+B40/$AQ40,0),0) -> 0 | DL40: =IFERROR(ROUNDUP(+C40/$AT40,0),0) -> 0 | DM40: =IFERROR(ROUNDUP(+D40/$AW40,0),0) -> 0 | DN40: =IFERROR(ROUNDUP(+E40/$AZ40,0),0) -> 0 | DO40: =IFERROR(ROUNDUP(+F40/$BC40,0),0) -> 1 | DP40: =IFERROR(ROUNDUP(+G40/$BF40,0),0) -> 1 | DQ40: =IFERROR(ROUNDUP(+$H40/$BI40,0),0) -> 1 | DR40: =IFERROR(ROUNDUP(+I40/$BL40,0),0) -> 0 | DS40: =IFERROR(ROUNDUP(J40/BO40,0),0) -> 1 | DT40: =IFERROR(ROUNDUP(+K40/BR40,0),0) -> 0 | DU40: =IFERROR(ROUNDUP(+N40/BU40,0),0) -> 0 | DV40: =IFERROR(ROUNDUP(+R40/BX40,0),0) -> 2 | DW40: =IFERROR(ROUNDUP(+V40/CA40,0),0) -> 0 | DX40: =IFERROR(ROUNDUP(+Y40/CD40,0),0) -> 0 | DY40: =IFERROR(ROUNDUP(+AE40/CG40,0),0) -> 1 | DZ40: =IFERROR(ROUNDUP(+AF40/CJ40,0),0) -> 1 | EA40: =IFERROR(ROUNDUP(+AG40/CM40,0),0) -> 0 | EB40: =IFERROR(ROUNDUP(+AH40/CP40,0),0) -> 0 | EC40: =IFERROR(ROUNDUP(+AI40/CS40,0),0) -> 0 | ED40: =IFERROR(ROUNDUP(+AJ40/CV40,0),0) -> 0 | EE40: =IFERROR(ROUNDUP(+AK40/CY40,0),0) -> 0 | EF40: =IFERROR(ROUNDUP(+AL40/DB40,0),0) -> 0 | EG40: =IFERROR(ROUNDUP(+AM40/DE40,0),0) -> 0 | EH40: =IFERROR(ROUNDUP(+AN40/DH40,0),0) -> 0 | EJ40: =$AR40*DK40 -> 0 | EK40: =$AU40*DL40 -> 0 | EL40: =$AX40*DM40 -> 0 | EM40: =$BA40*DN40 -> 0 | EN40: =$BD40*DO40 -> 4 | EO40: =$BG40*DP40 -> 4 | EP40: =BJ40*DQ40 -> 4 | EQ40: =+BM40*DR40 -> 0 | ER40: =BP40*DS40 -> 7 | ES40: =+BS40*DT40 -> 0 | ET40: =+BV40*DU40 -> 0 | EU40: =+BY40*DV40 -> 14 | EV40: =+CB40*DW40 -> 0 | EW40: =+CE40*DX40 -> 0 | EX40: =+CH40*DY40 -> 7 | EY40: =+CK40*DZ40 -> 7 | EZ40: =+CN40*EA40 -> 0 | FA40: =+CQ40*EB40 -> 0 | FB40: =+CT40*EC40 -> 0 | FC40: =+CW40*ED40 -> 0 | FD40: =+CZ40*EE40 -> 0 | FE40: =+DC40*EF40 -> 0 | FF40: =+DF40*EG40 -> 0 | FG40: =+DI40*EH40 -> 0 | FO40: =+A40&BQ40 -> (85120) FLB SPAGHETTI W/MEAT SAUCEW2 | FP40: =+A40&BT40 -> (85120) FLB SPAGHETTI W/MEAT SAUCEW2 | FQ40: =+A40&BW40 -> (85120) FLB SPAGHETTI W/MEAT SAUCEW3 | FR40: 0
A41: (85125) FLB PASTA & VEG | B41: =SUMIF(Prophix!$Q:$Q,'Fds Units'!$A41,Prophix!D:D) -> 196320 | C41: =SUMIF(Prophix!$Q:$Q,'Fds Units'!$A41,Prophix!E:E) -> 154344 | D41: =SUMIF(Prophix!$Q:$Q,'Fds Units'!$A41,Prophix!F:F) -> 86112 | E41: =SUMIF(Prophix!$Q:$Q,'Fds Units'!$A41,Prophix!G:G) -> 194328 | F41: =SUMIF(Prophix!$Q:$Q,'Fds Units'!$A41,Prophix!H:H) -> 201192 | G41: =SUMIF(Prophix!$Q:$Q,'Fds Units'!$A41,Prophix!I:I) -> 188472 | H41: =SUMIF(Prophix!$Q:$Q,'Fds Units'!$A41,Prophix!J:J) -> 187056 | I41: =SUMIF(Prophix!$Q:$Q,'Fds Units'!$A41,Prophix!K:K) -> 0 | J41: =SUMIF(Prophix!$Q:$Q,'Fds Units'!$A41,Prophix!L:L) -> 628704 | K41: =SUMIF(Prophix!$Q:$Q,'Fds Units'!$A41,Prophix!M:M) -> 619776 | L41: =_xlfn.XLOOKUP(FO41,Schedule!Z:Z,Schedule!Y:Y,0) -> 0 | N41: =SUMIF(Schedule!$R:$R,$FP41,Schedule!P:P) -> 0 | O41: =L41-N41 -> 0 | Q41: =+P41-O41 -> 0 | R41: 316800 | S41: 130248 | T41: =S41-R41 -> -186552 | U41: 150000 | V41: 150000 | W41: 180000 | X41: 154472 | Y41: 350400 | Z41: 350400 | AA41: 142872 | AB41: =AA41-Z41 -> -207528 | AC41: 180000 | AD41: 180000 | AE41: =AD41 -> 180000 | AF41: 149100 | AG41: =175000*3 -> 525000 | AP41: Y4S/Y5 | AQ41: 100000 | AR41: 4 | AS41: W2 | AT41: 185000 | AU41: 7 | AV41: Y4S/Y5 | AW41: 100000 | AX41: 4 | AY41: Y4S/Y5 | AZ41: 100000 | BA41: 4 | BB41: Y4S/Y5 | BC41: 101000 | BD41: 4 | BE41: Y4S/Y5 | BF41: =+G41/3 -> 62824 | BG41: 4 | BH41: Y4S/Y5 | BI41: =+H41/2 -> 93528 | BJ41: 4 | BK41: W2 | BL41: 200000 | BM41: 7 | BN41: W2 | BO41: 200000 | BP41: 7 | BQ41: W2 | BR41: 175000 | BS41: 7 | BT41: W2 | BU41: 175000 | BV41: 7 | BW41: W3 | BX41: 175000 | BY41: 7 | BZ41: W3 | CA41: 175200 | CB41: =+BY41 -> 7 | CC41: =+BZ41 -> W3 | CD41: =+CA41 -> 175200 | CE41: =+CB41 -> 7 | CF41: =+CC41 -> W3 | CG41: =+CD41 -> 175200 | CH41: =+CE41 -> 7 | CI41: =+CF41 -> W3 | ... DI41: =+DF41 -> 7 | DK41: =IFERROR(ROUNDUP(+B41/$AQ41,0),0) -> 2 | DL41: =IFERROR(ROUNDUP(+C41/$AT41,0),0) -> 1 | DM41: =IFERROR(ROUNDUP(+D41/$AW41,0),0) -> 1 | DN41: 2 | DO41: =IFERROR(ROUNDUP(+F41/$BC41,0),0) -> 2 | DP41: =IFERROR(ROUNDUP(+G41/$BF41,0),0) -> 3 | DQ41: =IFERROR(ROUNDUP(+$H41/$BI41,0),0) -> 2 | DR41: =IFERROR(ROUNDUP(+I41/$BL41,0),0) -> 0 | DS41: =IFERROR(ROUNDUP(J41/BO41,0),0) -> 4 | DT41: =IFERROR(ROUNDUP(+K41/BR41,0),0) -> 4 | DU41: =IFERROR(ROUNDUP(+N41/BU41,0),0) -> 0 | DV41: =IFERROR(ROUNDUP(+R41/BX41,0),0) -> 2 | DW41: =IFERROR(ROUNDUP(+V41/CA41,0),0) -> 1 | DX41: =IFERROR(ROUNDUP(+Y41/CD41,0),0) -> 2 | DY41: =IFERROR(ROUNDUP(+AE41/CG41,0),0) -> 2 | DZ41: =IFERROR(ROUNDUP(+AF41/CJ41,0),0) -> 1 | EA41: =IFERROR(ROUNDUP(+AG41/CM41,0),0) -> 3 | EB41: =IFERROR(ROUNDUP(+AH41/CP41,0),0) -> 0 | EC41: =IFERROR(ROUNDUP(+AI41/CS41,0),0) -> 0 | ED41: =IFERROR(ROUNDUP(+AJ41/CV41,0),0) -> 0 | EE41: =IFERROR(ROUNDUP(+AK41/CY41,0),0) -> 0 | EF41: =IFERROR(ROUNDUP(+AL41/DB41,0),0) -> 0 | EG41: =IFERROR(ROUNDUP(+AM41/DE41,0),0) -> 0 | EH41: =IFERROR(ROUNDUP(+AN41/DH41,0),0) -> 0 | EJ41: =$AR41*DK41 -> 8 | EK41: =$AU41*DL41 -> 7 | EL41: =$AX41*DM41 -> 4 | EM41: =$BA41*DN41 -> 8 | EN41: =$BD41*DO41 -> 8 | EO41: =$BG41*DP41 -> 12 | EP41: =BJ41*DQ41 -> 8 | EQ41: =+BM41*DR41 -> 0 | ER41: =BP41*DS41 -> 28 | ES41: =+BS41*DT41 -> 28 | ET41: =+BV41*DU41 -> 0 | EU41: =+BY41*DV41 -> 14 | EV41: =+CB41*DW41 -> 7 | EW41: =+CE41*DX41 -> 14 | EX41: =+CH41*DY41 -> 14 | EY41: =+CK41*DZ41 -> 7 | EZ41: =+CN41*EA41 -> 21 | FA41: =+CQ41*EB41 -> 0 | FB41: =+CT41*EC41 -> 0 | FC41: =+CW41*ED41 -> 0 | FD41: =+CZ41*EE41 -> 0 | FE41: =+DC41*EF41 -> 0 | FF41: =+DF41*EG41 -> 0 | FG41: =+DI41*EH41 -> 0 | FO41: =+A41&BQ41 -> (85125) FLB PASTA & VEGW2 | FP41: =+A41&BT41 -> (85125) FLB PASTA & VEGW2 | FQ41: =+A41&BW41 -> (85125) FLB PASTA & VEGW3 | FR41: (85125) FLB PASTA & VEG Total
A42: (85127) FLB SOUTHW CHIX W/RICE & BEANS | B42: =SUMIF(Prophix!$Q:$Q,'Fds Units'!$A42,Prophix!D:D) -> 0 | C42: =SUMIF(Prophix!$Q:$Q,'Fds Units'!$A42,Prophix!E:E) -> 0 | D42: =SUMIF(Prophix!$Q:$Q,'Fds Units'!$A42,Prophix!F:F) -> 369552 | E42: =SUMIF(Prophix!$Q:$Q,'Fds Units'!$A42,Prophix!G:G) -> 0 | F42: =SUMIF(Prophix!$Q:$Q,'Fds Units'!$A42,Prophix!H:H) -> 376512 | G42: =SUMIF(Prophix!$Q:$Q,'Fds Units'!$A42,Prophix!I:I) -> 365736 | H42: =SUMIF(Prophix!$Q:$Q,'Fds Units'!$A42,Prophix!J:J) -> 0 | I42: =SUMIF(Prophix!$Q:$Q,'Fds Units'!$A42,Prophix!K:K) -> 0 | J42: =SUMIF(Prophix!$Q:$Q,'Fds Units'!$A42,Prophix!L:L) -> 0 | K42: =SUMIF(Prophix!$Q:$Q,'Fds Units'!$A42,Prophix!M:M) -> 0 | L42: =_xlfn.XLOOKUP(FO42,Schedule!Z:Z,Schedule!Y:Y,0) -> 0 | N42: =SUMIF(Schedule!$R:$R,$FP42,Schedule!P:P) -> 0 | O42: =L42-N42 -> 0 | P42: =-O42 -> 0 | Q42: =+P42-O42 -> 0 | R42: 199968 | S42: 217104 | T42: =S42-R42 -> 17136 | U42: 150000 | V42: 150000 | W42: 180000 | Y42: 700800 | Z42: 700800 | AA42: 540864 | AB42: =AA42-Z42 -> -159936 | AC42: 180000 | AD42: 180000 | AE42: =AD42 -> 180000 | AF42: 149100 | AG42: 0 | AP42: Y4S/Y5 | AQ42: 100000 | AR42: 4 | AS42: Y4S/Y5 | AT42: 100000 | AU42: 4 | AV42: Y4S/Y5 | AW42: 100000 | AX42: 4 | AY42: W2 | AZ42: 200000 | BA42: 4 | BB42: Y4S/Y5 | BC42: 100008 | BD42: 4 | BE42: Y4S/Y5 | BF42: =+G42/3 -> 121912 | BG42: 4 | BH42: Y4S/Y5 | BI42: 100008 | BJ42: 4 | BK42: W2 | BL42: 200000 | BM42: 7 | BN42: W2 | BO42: 200000 | BP42: 7 | BQ42: W2 | BR42: =+BO42 -> 200000 | BS42: 7 | BT42: W2 | BU42: 200000 | BV42: 7 | BW42: W3 | BX42: 175000 | BY42: 7 | BZ42: W3 | CA42: 175200 | CB42: =+BY42 -> 7 | CC42: =+BZ42 -> W3 | CD42: =+CA42 -> 175200 | CE42: =+CB42 -> 7 | CF42: =+CC42 -> W3 | CG42: =+CD42 -> 175200 | CH42: =+CE42 -> 7 | CI42: =+CF42 -> W3 | ... DI42: =+DF42 -> 7 | DK42: =IFERROR(ROUNDUP(+B42/$AQ42,0),0) -> 0 | DL42: =IFERROR(ROUNDUP(+C42/$AT42,0),0) -> 0 | DM42: =IFERROR(ROUNDUP(+D42/$AW42,0),0) -> 4 | DN42: =IFERROR(ROUNDUP(+E42/$AZ42,0),0) -> 0 | DO42: =IFERROR(ROUNDUP(+F42/$BC42,0),0) -> 4 | DP42: =IFERROR(ROUNDUP(+G42/$BF42,0),0) -> 3 | DQ42: =IFERROR(ROUNDUP(+$H42/$BI42,0),0) -> 0 | DR42: =IFERROR(ROUNDUP(+I42/$BL42,0),0) -> 0 | DS42: =IFERROR(ROUNDUP(J42/BO42,0),0) -> 0 | DT42: =IFERROR(ROUNDUP(+K42/BR42,0),0) -> 0 | DU42: =IFERROR(ROUNDUP(+N42/BU42,0),0) -> 0 | DV42: =IFERROR(ROUNDUP(+R42/BX42,0),0) -> 2 | DW42: =IFERROR(ROUNDUP(+V42/CA42,0),0) -> 1 | DX42: =IFERROR(ROUNDUP(+Y42/CD42,0),0) -> 4 | DY42: =IFERROR(ROUNDUP(+AE42/CG42,0),0) -> 2 | DZ42: =IFERROR(ROUNDUP(+AF42/CJ42,0),0) -> 1 | EA42: =IFERROR(ROUNDUP(+AG42/CM42,0),0) -> 0 | EB42: =IFERROR(ROUNDUP(+AH42/CP42,0),0) -> 0 | EC42: =IFERROR(ROUNDUP(+AI42/CS42,0),0) -> 0 | ED42: =IFERROR(ROUNDUP(+AJ42/CV42,0),0) -> 0 | EE42: =IFERROR(ROUNDUP(+AK42/CY42,0),0) -> 0 | EF42: =IFERROR(ROUNDUP(+AL42/DB42,0),0) -> 0 | EG42: =IFERROR(ROUNDUP(+AM42/DE42,0),0) -> 0 | EH42: =IFERROR(ROUNDUP(+AN42/DH42,0),0) -> 0 | EJ42: =$AR42*DK42 -> 0 | EK42: =$AU42*DL42 -> 0 | EL42: =$AX42*DM42 -> 16 | EM42: =$BA42*DN42 -> 0 | EN42: =$BD42*DO42 -> 16 | EO42: =$BG42*DP42 -> 12 | EP42: =BJ42*DQ42 -> 0 | EQ42: =+BM42*DR42 -> 0 | ER42: =BP42*DS42 -> 0 | ES42: =+BS42*DT42 -> 0 | ET42: =+BV42*DU42 -> 0 | EU42: =+BY42*DV42 -> 14 | EV42: =+CB42*DW42 -> 7 | EW42: =+CE42*DX42 -> 28 | EX42: =+CH42*DY42 -> 14 | EY42: =+CK42*DZ42 -> 7 | EZ42: =+CN42*EA42 -> 0 | FA42: =+CQ42*EB42 -> 0 | FB42: =+CT42*EC42 -> 0 | FC42: =+CW42*ED42 -> 0 | FD42: =+CZ42*EE42 -> 0 | FE42: =+DC42*EF42 -> 0 | FF42: =+DF42*EG42 -> 0 | FG42: =+DI42*EH42 -> 0 | FO42: =+A42&BQ42 -> (85127) FLB SOUTHW CHIX W/RICE & BEANSW2 | FP42: =+A42&BT42 -> (85127) FLB SOUTHW CHIX W/RICE & BEANSW2 | FQ42: =+A42&BW42 -> (85127) FLB SOUTHW CHIX W/RICE & BEANSW3 | FR42: (85127) FLB SOUTHW CHIX W/RICE & BEANS Total
A43: (85205) FLB WHITE CHICKEN CHILI | B43: =SUMIF(Prophix!$Q:$Q,'Fds Units'!$A43,Prophix!D:D) -> 116544 | C43: =SUMIF(Prophix!$Q:$Q,'Fds Units'!$A43,Prophix!E:E) -> 0 | D43: =SUMIF(Prophix!$Q:$Q,'Fds Units'!$A43,Prophix!F:F) -> 87888 | E43: =SUMIF(Prophix!$Q:$Q,'Fds Units'!$A43,Prophix!G:G) -> 536784 | F43: =SUMIF(Prophix!$Q:$Q,'Fds Units'!$A43,Prophix!H:H) -> 289680 | G43: =SUMIF(Prophix!$Q:$Q,'Fds Units'!$A43,Prophix!I:I) -> 166512 | H43: =SUMIF(Prophix!$Q:$Q,'Fds Units'!$A43,Prophix!J:J) -> 0 | I43: =SUMIF(Prophix!$Q:$Q,'Fds Units'!$A43,Prophix!K:K) -> 0 | J43: =SUMIF(Prophix!$Q:$Q,'Fds Units'!$A43,Prophix!L:L) -> 0 | K43: =SUMIF(Prophix!$Q:$Q,'Fds Units'!$A43,Prophix!M:M) -> 324576 | L43: =_xlfn.XLOOKUP(FO43,Schedule!Z:Z,Schedule!Y:Y,0) -> 0 | N43: =SUMIF(Schedule!$R:$R,$FP43,Schedule!P:P) -> 0 | O43: =L43-N43 -> 0 | P43: 180000 | Q43: =+P43-O43 -> 180000 | R43: 99984 | S43: 359856 | T43: =S43-R43 -> 259872 | U43: 120000 | V43: 270000 | W43: 180000 | Y43: 446400 | Z43: 525600 | AA43: 445272 | AB43: =AA43-Z43 -> -80328 | AC43: 180000 | AD43: 180000 | AE43: =AD43 -> 180000 | AF43: 0 | AG43: =175000*2 -> 350000 | AP43: Y4S/Y5 | AQ43: 120000 | AR43: 5 | AS43: Y4S/Y5 | AT43: 100000 | AU43: 4 | AV43: Y4S/Y5 | AW43: 100000 | AX43: 4 | AY43: W2 | AZ43: 200000 | BA43: 7 | BB43: Y4S/Y5 | BC43: 100008 | BD43: 4 | BE43: Y4S/Y5 | BF43: =+G43/2 -> 83256 | BG43: 4 | BH43: Y4S/Y5 | BI43: 100008 | BJ43: 4 | BK43: W2 | BL43: 200000 | BM43: 7 | BN43: W2 | BO43: 200000 | BP43: 7 | BQ43: W2 | BR43: 180000 | BS43: 7 | BT43: W2 | BU43: 180000 | BV43: 7 | BW43: W3 | BX43: 175000 | BY43: 7 | BZ43: W3 | CA43: 175200 | CB43: =+BY43 -> 7 | CC43: =+BZ43 -> W3 | CD43: =+CA43 -> 175200 | CE43: =+CB43 -> 7 | CF43: =+CC43 -> W3 | CG43: =+CD43 -> 175200 | CH43: =+CE43 -> 7 | CI43: =+CF43 -> W3 | ... DI43: =+DF43 -> 7 | DK43: =IFERROR(ROUNDUP(+B43/$AQ43,0),0) -> 1 | DL43: =IFERROR(ROUNDUP(+C43/$AT43,0),0) -> 0 | DM43: =IFERROR(ROUNDUP(+D43/$AW43,0),0) -> 1 | DN43: 2 | DO43: =IFERROR(ROUNDUP(+F43/$BC43,0),0) -> 3 | DP43: =IFERROR(ROUNDUP(+G43/$BF43,0),0) -> 2 | DQ43: =IFERROR(ROUNDUP(+$H43/$BI43,0),0) -> 0 | DR43: =IFERROR(ROUNDUP(+I43/$BL43,0),0) -> 0 | DS43: =IFERROR(ROUNDUP(J43/BO43,0),0) -> 0 | DT43: =IFERROR(ROUNDUP(+K43/BR43,0),0) -> 2 | DU43: =IFERROR(ROUNDUP(+N43/BU43,0),0) -> 0 | DV43: =IFERROR(ROUNDUP(+R43/BX43,0),0) -> 1 | DW43: =IFERROR(ROUNDUP(+V43/CA43,0),0) -> 2 | DX43: =IFERROR(ROUNDUP(+Y43/CD43,0),0) -> 3 | DY43: =IFERROR(ROUNDUP(+AE43/CG43,0),0) -> 2 | DZ43: =IFERROR(ROUNDUP(+AF43/CJ43,0),0) -> 0 | EA43: =IFERROR(ROUNDUP(+AG43/CM43,0),0) -> 2 | EB43: =IFERROR(ROUNDUP(+AH43/CP43,0),0) -> 0 | EC43: =IFERROR(ROUNDUP(+AI43/CS43,0),0) -> 0 | ED43: =IFERROR(ROUNDUP(+AJ43/CV43,0),0) -> 0 | EE43: =IFERROR(ROUNDUP(+AK43/CY43,0),0) -> 0 | EF43: =IFERROR(ROUNDUP(+AL43/DB43,0),0) -> 0 | EG43: =IFERROR(ROUNDUP(+AM43/DE43,0),0) -> 0 | EH43: =IFERROR(ROUNDUP(+AN43/DH43,0),0) -> 0 | EJ43: =$AR43*DK43 -> 5 | EK43: =$AU43*DL43 -> 0 | EL43: =$AX43*DM43 -> 4 | EM43: =$BA43*DN43 -> 14 | EN43: =$BD43*DO43 -> 12 | EO43: =$BG43*DP43 -> 8 | EP43: =BJ43*DQ43 -> 0 | EQ43: =+BM43*DR43 -> 0 | ER43: =BP43*DS43 -> 0 | ES43: =+BS43*DT43 -> 14 | ET43: =+BV43*DU43 -> 0 | EU43: =+BY43*DV43 -> 7 | EV43: =+CB43*DW43 -> 14 | EW43: =+CE43*DX43 -> 21 | EX43: =+CH43*DY43 -> 14 | EY43: =+CK43*DZ43 -> 0 | EZ43: =+CN43*EA43 -> 14 | FA43: =+CQ43*EB43 -> 0 | FB43: =+CT43*EC43 -> 0 | FC43: =+CW43*ED43 -> 0 | FD43: =+CZ43*EE43 -> 0 | FE43: =+DC43*EF43 -> 0 | FF43: =+DF43*EG43 -> 0 | FG43: =+DI43*EH43 -> 0 | FO43: =+A43&BQ43 -> (85205) FLB WHITE CHICKEN CHILIW2 | FP43: =+A43&BT43 -> (85205) FLB WHITE CHICKEN CHILIW2 | FQ43: =+A43&BW43 -> (85205) FLB WHITE CHICKEN CHILIW3 | FR43: (85205) FLB WHITE CHICKEN CHILI Total
A44: (85215) FLB CHILI W/BEANS | B44: =SUMIF(Prophix!$Q:$Q,'Fds Units'!$A44,Prophix!D:D) -> 0 | C44: =SUMIF(Prophix!$Q:$Q,'Fds Units'!$A44,Prophix!E:E) -> 0 | D44: =SUMIF(Prophix!$Q:$Q,'Fds Units'!$A44,Prophix!F:F) -> 121416 | E44: =SUMIF(Prophix!$Q:$Q,'Fds Units'!$A44,Prophix!G:G) -> 102120 | F44: =SUMIF(Prophix!$Q:$Q,'Fds Units'!$A44,Prophix!H:H) -> 81024 | G44: =SUMIF(Prophix!$Q:$Q,'Fds Units'!$A44,Prophix!I:I) -> 0 | H44: =SUMIF(Prophix!$Q:$Q,'Fds Units'!$A44,Prophix!J:J) -> 0 | I44: =SUMIF(Prophix!$Q:$Q,'Fds Units'!$A44,Prophix!K:K) -> 0 | J44: =SUMIF(Prophix!$Q:$Q,'Fds Units'!$A44,Prophix!L:L) -> 101952 | K44: =SUMIF(Prophix!$Q:$Q,'Fds Units'!$A44,Prophix!M:M) -> 0 | L44: =_xlfn.XLOOKUP(FO44,Schedule!Z:Z,Schedule!Y:Y,0) -> 0 | N44: =SUMIF(Schedule!$R:$R,$FP44,Schedule!P:P) -> 0 | O44: =L44-N44 -> 0 | P44: =-O44 -> 0 | Q44: =+P44-O44 -> 0 | T44: =S44-R44 -> 0 | W44: 180000 | AB44: =AA44-Z44 -> 0 | AC44: 180000 | AD44: 180000 | AE44: =AD44 -> 180000 | AF44: 0 | AG44: 0 | AP44: Y4S/Y5 | AQ44: 100000 | AR44: 4 | AS44: Y4S/Y5 | AT44: 100000 | AU44: 4 | AV44: Y4S/Y5 | AW44: 100000 | AX44: 4 | AY44: Y1/L1 | AZ44: 105000 | BA44: 4 | BB44: W2 | BC44: 150000 | BD44: 6 | BE44: Y4S/Y5 | BF44: 100000 | BG44: 4 | BH44: Y4S/Y5 | BI44: 100000 | BJ44: 4 | BK44: W2 | BL44: 200000 | BM44: 7 | BN44: W2 | BO44: 200000 | BP44: 7 | BQ44: W2 | BR44: 200000 | BS44: 7 | BT44: W2 | BU44: 200000 | BV44: 7 | BW44: W3 | BX44: 175000 | BY44: 7 | BZ44: W3 | CA44: 175200 | CB44: =+BY44 -> 7 | CC44: =+BZ44 -> W3 | CD44: =+CA44 -> 175200 | CE44: =+CB44 -> 7 | CF44: =+CC44 -> W3 | CG44: =+CD44 -> 175200 | CH44: =+CE44 -> 7 | CI44: =+CF44 -> W3 | ... DI44: =+DF44 -> 7 | DK44: =IFERROR(ROUNDUP(+B44/$AQ44,0),0) -> 0 | DL44: =IFERROR(ROUNDUP(+C44/$AT44,0),0) -> 0 | DM44: =IFERROR(ROUNDUP(+D44/$AW44,0),0) -> 2 | DN44: =IFERROR(ROUNDUP(+E44/$AZ44,0),0) -> 1 | DO44: =IFERROR(ROUNDUP(+F44/$BC44,0),0) -> 1 | DP44: =IFERROR(ROUNDUP(+G44/$BF44,0),0) -> 0 | DQ44: =IFERROR(ROUNDUP(+$H44/$BI44,0),0) -> 0 | DR44: =IFERROR(ROUNDUP(+I44/$BL44,0),0) -> 0 | DS44: =IFERROR(ROUNDUP(J44/BO44,0),0) -> 1 | DT44: =IFERROR(ROUNDUP(+K44/BR44,0),0) -> 0 | DU44: =IFERROR(ROUNDUP(+N44/BU44,0),0) -> 0 | DV44: =IFERROR(ROUNDUP(+R44/BX44,0),0) -> 0 | DW44: =IFERROR(ROUNDUP(+V44/CA44,0),0) -> 0 | DX44: =IFERROR(ROUNDUP(+Y44/CD44,0),0) -> 0 | DY44: =IFERROR(ROUNDUP(+AE44/CG44,0),0) -> 2 | DZ44: =IFERROR(ROUNDUP(+AF44/CJ44,0),0) -> 0 | EA44: =IFERROR(ROUNDUP(+AG44/CM44,0),0) -> 0 | EB44: =IFERROR(ROUNDUP(+AH44/CP44,0),0) -> 0 | EC44: =IFERROR(ROUNDUP(+AI44/CS44,0),0) -> 0 | ED44: =IFERROR(ROUNDUP(+AJ44/CV44,0),0) -> 0 | EE44: =IFERROR(ROUNDUP(+AK44/CY44,0),0) -> 0 | EF44: =IFERROR(ROUNDUP(+AL44/DB44,0),0) -> 0 | EG44: =IFERROR(ROUNDUP(+AM44/DE44,0),0) -> 0 | EH44: =IFERROR(ROUNDUP(+AN44/DH44,0),0) -> 0 | EJ44: =$AR44*DK44 -> 0 | EK44: =$AU44*DL44 -> 0 | EL44: =$AX44*DM44 -> 8 | EM44: =$BA44*DN44 -> 4 | EN44: =$BD44*DO44 -> 6 | EO44: =$BG44*DP44 -> 0 | EP44: =BJ44*DQ44 -> 0 | EQ44: =+BM44*DR44 -> 0 | ER44: =BP44*DS44 -> 7 | ES44: =+BS44*DT44 -> 0 | ET44: =+BV44*DU44 -> 0 | EU44: =+BY44*DV44 -> 0 | EV44: =+CB44*DW44 -> 0 | EW44: =+CE44*DX44 -> 0 | EX44: =+CH44*DY44 -> 14 | EY44: =+CK44*DZ44 -> 0 | EZ44: =+CN44*EA44 -> 0 | FA44: =+CQ44*EB44 -> 0 | FB44: =+CT44*EC44 -> 0 | FC44: =+CW44*ED44 -> 0 | FD44: =+CZ44*EE44 -> 0 | FE44: =+DC44*EF44 -> 0 | FF44: =+DF44*EG44 -> 0 | FG44: =+DI44*EH44 -> 0 | FO44: =+A44&BQ44 -> (85215) FLB CHILI W/BEANSW2 | FP44: =+A44&BT44 -> (85215) FLB CHILI W/BEANSW2 | FQ44: =+A44&BW44 -> (85215) FLB CHILI W/BEANSW3 | FR44: (85215) FLB CHILI W/BEANS Total
A45: 7 OZ | B45: =SUM(B46:B51) -> 274032 | C45: =SUM(C46:C51) -> 279768 | D45: =SUM(D46:D51) -> 831336 | E45: =SUM(E46:E51) -> 1205136 | F45: =SUM(F46:F51) -> 493680 | G45: =SUM(G46:G51) -> 1240200 | H45: =SUM(H46:H51) -> 830064 | I45: =SUM(I46:I51) -> 0 | ... V45: =SUM(V46:V51) -> 724800 | W45: 0 | X45: =SUM(X46:X51) -> 623155 | Z45: =SUM(Z46:Z51) -> 700800 | AA45: =SUM(AA46:AA51) -> 411528 | AB45: =SUM(AB46:AB51) -> -289272 | AC45: =SUM(AC46:AC51) -> 1065600 | AD45: =SUM(AD46:AD51) -> 1591200 | AE45: =SUM(AE46:AE51) -> 1576800 | AF45: =SUM(AF46:AF51) -> 447300 | AG45: =SUM(AG46:AG51) -> 1225000 | AH45: =666667*$AO$26 -> 500000.25 | AI45: =666667*$AO$26 -> 500000.25 | AJ45: =666667*$AO$26 -> 500000.25 | AK45: =666667*$AO$26 -> 500000.25 | AL45: =666667*$AO$26 -> 500000.25 | AM45: =666667*$AO$26 -> 500000.25 | AN45: =666667*$AO$26 -> 500000.25 | CI45: =+CI46 -> W3 | CJ45: =+CJ46 -> 175000 | CK45: =+CK46 -> 7 | CL45: =+CI45 -> W3 | CM45: =+CJ45 -> 175000 | CN45: =+CK45 -> 7 | CO45: =+CL45 -> W3 | CP45: =+CM45 -> 175000 | CQ45: =+CN45 -> 7 | CR45: =+CO45 -> W3 | CS45: =+CP45 -> 175000 | ... DI45: =+DF45 -> 7 | DW45: =IFERROR(ROUNDUP(+Y45/CA45,0),0) -> 0 | DX45: =IFERROR(ROUNDUP(+AE45/CD45,0),0) -> 0 | DY45: =IFERROR(ROUNDUP(+AF45/CG45,0),0) -> 0 | DZ45: =IFERROR(ROUNDUP(+AG45/CJ45,0),0) -> 7 | EA45: =IFERROR(ROUNDUP(+AH45/CM45,0),0) -> 3 | EB45: =IFERROR(ROUNDUP(+AI45/CP45,0),0) -> 3 | EC45: =IFERROR(ROUNDUP(+AJ45/CS45,0),0) -> 3 | ED45: =IFERROR(ROUNDUP(+AK45/CV45,0),0) -> 3 | EE45: =IFERROR(ROUNDUP(+AL45/CY45,0),0) -> 3 | EF45: =IFERROR(ROUNDUP(+AM45/DB45,0),0) -> 3 | EG45: =IFERROR(ROUNDUP(+AN45/DE45,0),0) -> 3 | EH45: =IFERROR(ROUNDUP(+#REF!/DH45,0),0) -> 0 | EJ45: =$AR45*DK45 -> 0 | EK45: =$AU45*DL45 -> 0 | EL45: =$AX45*DM45 -> 0 | EM45: =$BA45*DN45 -> 0 | EN45: =$BD45*DO45 -> 0 | EO45: =$BG45*DP45 -> 0 | EP45: =BJ45*DQ45 -> 0 | EQ45: =+BM45*DR45 -> 0 | ER45: =BP45*DS45 -> 0 | ES45: =+BS45*DT45 -> 0 | ET45: =+BV45*DU45 -> 0 | EU45: =+BY45*DV45 -> 0 | EV45: =+CB45*DW45 -> 0 | EW45: =+CE45*DX45 -> 0 | EX45: =+CH45*DY45 -> 0 | EY45: =+CK45*DZ45 -> 49 | EZ45: =+CN45*EA45 -> 21 | FA45: =+CQ45*EB45 -> 21 | FB45: =+CT45*EC45 -> 21 | FC45: =+CW45*ED45 -> 21 | FD45: =+CZ45*EE45 -> 21 | FE45: =+DC45*EF45 -> 21 | FF45: =+DF45*EG45 -> 21 | FG45: =+DI45*EH45 -> 0 | FO45: =+A45&BQ45 -> 7 OZ | FP45: =+A45&BT45 -> 7 OZ | FQ45: =+A45&BW45 -> 7 OZ | FR45: 0
A46: (85211) FLB BEEF STEW | B46: =SUMIF(Prophix!$Q:$Q,'Fds Units'!$A46,Prophix!D:D) -> 178464 | C46: =SUMIF(Prophix!$Q:$Q,'Fds Units'!$A46,Prophix!E:E) -> 0 | D46: =SUMIF(Prophix!$Q:$Q,'Fds Units'!$A46,Prophix!F:F) -> 210936 | E46: =SUMIF(Prophix!$Q:$Q,'Fds Units'!$A46,Prophix!G:G) -> 698256 | F46: =SUMIF(Prophix!$Q:$Q,'Fds Units'!$A46,Prophix!H:H) -> 98064 | G46: =SUMIF(Prophix!$Q:$Q,'Fds Units'!$A46,Prophix!I:I) -> 0 | H46: =SUMIF(Prophix!$Q:$Q,'Fds Units'!$A46,Prophix!J:J) -> 316464 | I46: =SUMIF(Prophix!$Q:$Q,'Fds Units'!$A46,Prophix!K:K) -> 0 | J46: =SUMIF(Prophix!$Q:$Q,'Fds Units'!$A46,Prophix!L:L) -> 0 | K46: =SUMIF(Prophix!$Q:$Q,'Fds Units'!$A46,Prophix!M:M) -> 0 | L46: =_xlfn.XLOOKUP(FO46,Schedule!Z:Z,Schedule!Y:Y,0) -> 0 | N46: =SUMIF(Schedule!$R:$R,$FP46,Schedule!P:P) -> 0 | O46: =L46-N46 -> 0 | Q46: =+P46-O46 -> 0 | R46: 150000 | T46: =S46-R46 -> -150000 | U46: 450000 | AB46: =AA46-Z46 -> 0 | AC46: 180000 | AD46: 180000 | AE46: 0 | AF46: 0 | AG46: 175000 | AP46: Y4S/Y5 | AQ46: 115000 | AR46: 5 | AS46: Y4S/Y5 | AT46: 100000 | AU46: 4 | AV46: Y4S/Y5 | AW46: 110000 | AX46: 4 | AY46: W2 | AZ46: 200000 | BA46: 7 | BB46: Y4S/Y5 | BC46: 100008 | BD46: 4 | BE46: Y4S/Y5 | BF46: 100008 | BG46: 4 | BH46: Y4S/Y5 | BI46: =+H46/3 -> 105488 | BJ46: 4 | BK46: W2 | BL46: 200000 | BM46: 7 | BN46: W2 | BO46: 200000 | BP46: 7 | BQ46: W2 | BR46: 200000 | BS46: 7 | BT46: W2 | BU46: 200000 | BV46: 7 | BW46: W3 | BX46: 175000 | BY46: 7 | BZ46: W3 | CA46: 175000 | CB46: =+BY46 -> 7 | CC46: =+BZ46 -> W3 | CD46: =+CA46 -> 175000 | CE46: =+CB46 -> 7 | CF46: =+CC46 -> W3 | CG46: =+CD46 -> 175000 | CH46: =+CE46 -> 7 | CI46: =+CF46 -> W3 | ... DI46: =+DF46 -> 7 | DK46: =IFERROR(ROUNDUP(+B46/$AQ46,0),0) -> 2 | DL46: =IFERROR(ROUNDUP(+C46/$AT46,0),0) -> 0 | DM46: =IFERROR(ROUNDUP(+D46/$AW46,0),0) -> 2 | DN46: 3 | DO46: =IFERROR(ROUNDUP(+F46/$BC46,0),0) -> 1 | DP46: =IFERROR(ROUNDUP(+G46/$BF46,0),0) -> 0 | DQ46: =IFERROR(ROUNDUP(+$H46/$BI46,0),0) -> 3 | DR46: =IFERROR(ROUNDUP(+I46/$BL46,0),0) -> 0 | DS46: =IFERROR(ROUNDUP(J46/BO46,0),0) -> 0 | DT46: =IFERROR(ROUNDUP(+K46/BR46,0),0) -> 0 | DU46: =IFERROR(ROUNDUP(+N46/BU46,0),0) -> 0 | DV46: =IFERROR(ROUNDUP(+R46/BX46,0),0) -> 1 | DW46: =IFERROR(ROUNDUP(+V46/CA46,0),0) -> 0 | DX46: =IFERROR(ROUNDUP(+Y46/CD46,0),0) -> 0 | DY46: =IFERROR(ROUNDUP(+AE46/CG46,0),0) -> 0 | DZ46: =IFERROR(ROUNDUP(+AF46/CJ46,0),0) -> 0 | EA46: =IFERROR(ROUNDUP(+AG46/CM46,0),0) -> 1 | EB46: =IFERROR(ROUNDUP(+AH46/CP46,0),0) -> 0 | EC46: =IFERROR(ROUNDUP(+AI46/CS46,0),0) -> 0 | ED46: =IFERROR(ROUNDUP(+AJ46/CV46,0),0) -> 0 | EE46: =IFERROR(ROUNDUP(+AK46/CY46,0),0) -> 0 | EF46: =IFERROR(ROUNDUP(+AL46/DB46,0),0) -> 0 | EG46: =IFERROR(ROUNDUP(+AM46/DE46,0),0) -> 0 | EH46: =IFERROR(ROUNDUP(+AN46/DH46,0),0) -> 0 | EJ46: =$AR46*DK46 -> 10 | EK46: =$AU46*DL46 -> 0 | EL46: =$AX46*DM46 -> 8 | EM46: =$BA46*DN46 -> 21 | EN46: =$BD46*DO46 -> 4 | EO46: =$BG46*DP46 -> 0 | EP46: =BJ46*DQ46 -> 12 | EQ46: =+BM46*DR46 -> 0 | ER46: =BP46*DS46 -> 0 | ES46: =+BS46*DT46 -> 0 | ET46: =+BV46*DU46 -> 0 | EU46: =+BY46*DV46 -> 7 | EV46: =+CB46*DW46 -> 0 | EW46: =+CE46*DX46 -> 0 | EX46: =+CH46*DY46 -> 0 | EY46: =+CK46*DZ46 -> 0 | EZ46: =+CN46*EA46 -> 7 | FA46: =+CQ46*EB46 -> 0 | FB46: =+CT46*EC46 -> 0 | FC46: =+CW46*ED46 -> 0 | FD46: =+CZ46*EE46 -> 0 | FE46: =+DC46*EF46 -> 0 | FF46: =+DF46*EG46 -> 0 | FG46: =+DI46*EH46 -> 0 | FO46: =+A46&BQ46 -> (85211) FLB BEEF STEWW2 | FP46: =+A46&BT46 -> (85211) FLB BEEF STEWW2 | FQ46: =+A46&BW46 -> (85211) FLB BEEF STEWW3 | FR46: (85211) FLB BEEF STEW Total
A47: (85212) FLB SPAGHETTI IN TOMATO SAUCE | B47: =SUMIF(Prophix!$Q:$Q,'Fds Units'!$A47,Prophix!D:D) -> 0 | C47: =SUMIF(Prophix!$Q:$Q,'Fds Units'!$A47,Prophix!E:E) -> 107208 | D47: =SUMIF(Prophix!$Q:$Q,'Fds Units'!$A47,Prophix!F:F) -> 420216 | E47: =SUMIF(Prophix!$Q:$Q,'Fds Units'!$A47,Prophix!G:G) -> 97896 | F47: =SUMIF(Prophix!$Q:$Q,'Fds Units'!$A47,Prophix!H:H) -> 104040 | G47: =SUMIF(Prophix!$Q:$Q,'Fds Units'!$A47,Prophix!I:I) -> 772584 | H47: =SUMIF(Prophix!$Q:$Q,'Fds Units'!$A47,Prophix!J:J) -> 409944 | I47: =SUMIF(Prophix!$Q:$Q,'Fds Units'!$A47,Prophix!K:K) -> 0 | J47: =SUMIF(Prophix!$Q:$Q,'Fds Units'!$A47,Prophix!L:L) -> 0 | K47: =SUMIF(Prophix!$Q:$Q,'Fds Units'!$A47,Prophix!M:M) -> 0 | L47: =_xlfn.XLOOKUP(FO47,Schedule!Z:Z,Schedule!Y:Y,0) -> 0 | N47: =SUMIF(Schedule!$R:$R,$FP47,Schedule!P:P) -> 0 | O47: =L47-N47 -> 0 | Q47: =+P47-O47 -> 0 | T47: =S47-R47 -> 0 | AB47: =AA47-Z47 -> 0 | AC47: 180000 | AD47: 180000 | AE47: 350400 | AF47: 149100 | AG47: =175000*3 -> 525000 | AP47: Y4S/Y5 | AQ47: 100000 | AR47: 4 | AS47: Y4S/Y5 | AT47: 110000 | AU47: 4 | AV47: Y4S/Y5 | AW47: 110000 | AX47: 4 | AY47: Y4S/Y5 | AZ47: 100000 | BA47: 4 | BB47: Y4S/Y5 | BC47: 105000 | BD47: 4 | BE47: Y4S/Y5 | BF47: =+G47/8 -> 96573 | BG47: 4 | BH47: Y4S/Y5 | BI47: =+H47/4 -> 102486 | BJ47: 4 | BK47: W2 | BL47: 200000 | BM47: 7 | BN47: W2 | BO47: 200000 | BP47: 7 | BQ47: W2 | BR47: 200000 | BS47: 7 | BT47: W2 | BU47: 200000 | BV47: 7 | BW47: W3 | BX47: 175000 | BY47: 7 | BZ47: W3 | CA47: 175000 | CB47: =+BY47 -> 7 | CC47: =+BZ47 -> W3 | CD47: =+CA47 -> 175000 | CE47: =+CB47 -> 7 | CF47: =+CC47 -> W3 | CG47: =+CD47 -> 175000 | CH47: =+CE47 -> 7 | CI47: =+CF47 -> W3 | ... DI47: =+DF47 -> 7 | DK47: =IFERROR(ROUNDUP(+B47/$AQ47,0),0) -> 0 | DL47: =IFERROR(ROUNDUP(+C47/$AT47,0),0) -> 1 | DM47: =IFERROR(ROUNDUP(+D47/$AW47,0),0) -> 4 | DN47: =IFERROR(ROUNDUP(+E47/$AZ47,0),0) -> 1 | DO47: =IFERROR(ROUNDUP(+F47/$BC47,0),0) -> 1 | DP47: =IFERROR(ROUNDUP(+G47/$BF47,0),0) -> 8 | DQ47: =IFERROR(ROUNDUP(+$H47/$BI47,0),0) -> 4 | DR47: =IFERROR(ROUNDUP(+I47/$BL47,0),0) -> 0 | DS47: =IFERROR(ROUNDUP(J47/BO47,0),0) -> 0 | DT47: =IFERROR(ROUNDUP(+K47/BR47,0),0) -> 0 | DU47: =IFERROR(ROUNDUP(+N47/BU47,0),0) -> 0 | DV47: =IFERROR(ROUNDUP(+R47/BX47,0),0) -> 0 | DW47: =IFERROR(ROUNDUP(+V47/CA47,0),0) -> 0 | DX47: =IFERROR(ROUNDUP(+Y47/CD47,0),0) -> 0 | DY47: =IFERROR(ROUNDUP(+AE47/CG47,0),0) -> 3 | DZ47: =IFERROR(ROUNDUP(+AF47/CJ47,0),0) -> 1 | EA47: =IFERROR(ROUNDUP(+AG47/CM47,0),0) -> 3 | EB47: =IFERROR(ROUNDUP(+AH47/CP47,0),0) -> 0 | EC47: =IFERROR(ROUNDUP(+AI47/CS47,0),0) -> 0 | ED47: =IFERROR(ROUNDUP(+AJ47/CV47,0),0) -> 0 | EE47: =IFERROR(ROUNDUP(+AK47/CY47,0),0) -> 0 | EF47: =IFERROR(ROUNDUP(+AL47/DB47,0),0) -> 0 | EG47: =IFERROR(ROUNDUP(+AM47/DE47,0),0) -> 0 | EH47: =IFERROR(ROUNDUP(+AN47/DH47,0),0) -> 0 | EJ47: =$AR47*DK47 -> 0 | EK47: =$AU47*DL47 -> 4 | EL47: =$AX47*DM47 -> 16 | EM47: =$BA47*DN47 -> 4 | EN47: =$BD47*DO47 -> 4 | EO47: =$BG47*DP47 -> 32 | EP47: =BJ47*DQ47 -> 16 | EQ47: =+BM47*DR47 -> 0 | ER47: =BP47*DS47 -> 0 | ES47: =+BS47*DT47 -> 0 | ET47: =+BV47*DU47 -> 0 | EU47: =+BY47*DV47 -> 0 | EV47: =+CB47*DW47 -> 0 | EW47: =+CE47*DX47 -> 0 | EX47: =+CH47*DY47 -> 21 | EY47: =+CK47*DZ47 -> 7 | EZ47: =+CN47*EA47 -> 21 | FA47: =+CQ47*EB47 -> 0 | FB47: =+CT47*EC47 -> 0 | FC47: =+CW47*ED47 -> 0 | FD47: =+CZ47*EE47 -> 0 | FE47: =+DC47*EF47 -> 0 | FF47: =+DF47*EG47 -> 0 | FG47: =+DI47*EH47 -> 0 | FO47: =+A47&BQ47 -> (85212) FLB SPAGHETTI IN TOMATO SAUCEW2 | FP47: =+A47&BT47 -> (85212) FLB SPAGHETTI IN TOMATO SAUCEW2 | FQ47: =+A47&BW47 -> (85212) FLB SPAGHETTI IN TOMATO SAUCEW3 | FR47: (85212) FLB SPAGHETTI IN TOMATO SAUCE Total
